SimulationID,ObjectID,EventID,LocationID,SpillStart,SpillStop,SpillDuration,Spill
0b5f6b0c-4591-11e9-9288-b469212bff5b,6dbbbdf6-4589-11e9-95a2-b469212bff5b,1654ee36-4644-11e9-800d-e4b97a38cea1,6dbbbdf4-4589-11e9-a501-b469212bff5b,2019-01-29 00:00:00.000000,2019-01-29 00:55:33.333333,0.03858024690972222,5250.0
0b5f6b0c-4591-11e9-9288-b469212bff5b,6dbbbdf6-4589-11e9-95a2-b469212bff5b,1654ee36-4644-11e9-800d-e4b97a38cea1,6dbbbdf4-4589-11e9-a501-b469212bff5b,2019-01-29 02:57:27.481607,2019-01-29 03:53:00.814941,0.038580246921296295,5250.0
0b5f6b0c-4591-11e9-9288-b469212bff5b,6dbbbdf6-4589-11e9-95a2-b469212bff5b,1654ee36-4644-11e9-800d-e4b97a38cea1,6dbbbdf4-4589-11e9-a501-b469212bff5b,2019-01-29 05:54:54.963215,2019-01-29 06:50:28.296548,0.03858024690972222,5250.0
0b5f6b0c-4591-11e9-9288-b469212bff5b,6dbbbdf6-4589-11e9-95a2-b469212bff5b,1654ee36-4644-11e9-800d-e4b97a38cea1,6dbbbdf4-4589-11e9-a501-b469212bff5b,2019-01-29 08:52:22.444822,2019-01-29 09:47:55.778156,0.038580246921296295,5250.0
0b5f6b0c-4591-11e9-9288-b469212bff5b,6dbbbdf6-4589-11e9-95a2-b469212bff5b,1654ee36-4644-11e9-800d-e4b97a38cea1,6dbbbdf4-4589-11e9-a501-b469212bff5b,2019-01-29 11:49:49.926430,2019-01-29 12:45:23.259763,0.03858024690972222,5250.0
0b5f6b0c-4591-11e9-9288-b469212bff5b,6dbbbdf6-4589-11e9-95a2-b469212bff5b,1654ee36-4644-11e9-800d-e4b97a38cea1,6dbbbdf4-4589-11e9-a501-b469212bff5b,2019-01-29 14:47:17.408037,2019-01-29 15:42:50.741370,0.03858024690972222,5250.0
0b5f6b0c-4591-11e9-9288-b469212bff5b,6dbbbdf6-4589-11e9-95a2-b469212bff5b,1654ee36-4644-11e9-800d-e4b97a38cea1,6dbbbdf4-4589-11e9-a501-b469212bff5b,2019-01-29 17:44:44.889645,2019-01-29 18:40:18.222978,0.03858024690972222,5250.0
0b5f6b0c-4591-11e9-9288-b469212bff5b,6dbbbdf6-4589-11e9-95a2-b469212bff5b,1654ee36-4644-11e9-800d-e4b97a38cea1,6dbbbdf4-4589-11e9-a501-b469212bff5b,2019-01-29 20:42:12.371252,2019-01-29 21:37:45.704585,0.03858024690972222,5250.0
0b5f6b0c-4591-11e9-9288-b469212bff5b,6dbbbdf6-4589-11e9-95a2-b469212bff5b,1654ee36-4644-11e9-800d-e4b97a38cea1,6dbbbdf4-4589-11e9-a501-b469212bff5b,2019-01-29 23:39:39.852859,2019-01-30 00:35:13.186193,0.038580246921296295,5250.0
0b5f6b0c-4591-11e9-9288-b469212bff5b,6dbbbdf6-4589-11e9-95a2-b469212bff5b,1654ee36-4644-11e9-800d-e4b97a38cea1,6dbbbdf4-4589-11e9-a501-b469212bff5b,2019-01-30 02:37:07.334467,2019-01-30 03:32:40.667800,0.03858024690972222,5250.0
0b5f6b0c-4591-11e9-9288-b469212bff5b,6dbbbdf6-4589-11e9-95a2-b469212bff5b,1654ee36-4644-11e9-800d-e4b97a38cea1,6dbbbdf4-4589-11e9-a501-b469212bff5b,2019-01-30 05:34:34.816074,2019-01-30 06:30:08.149408,0.038580246921296295,5250.0
0b5f6b0c-4591-11e9-9288-b469212bff5b,6dbbbdf6-4589-11e9-95a2-b469212bff5b,1654ee36-4644-11e9-800d-e4b97a38cea1,6dbbbdf4-4589-11e9-a501-b469212bff5b,2019-01-30 08:32:02.297682,2019-01-30 09:27:35.631015,0.03858024690972222,5250.0
0b5f6b0c-4591-11e9-9288-b469212bff5b,6dbbbdf6-4589-11e9-95a2-b469212bff5b,1654ee36-4644-11e9-800d-e4b97a38cea1,6dbbbdf4-4589-11e9-a501-b469212bff5b,2019-01-30 11:29:29.779289,2019-01-30 12:25:03.112622,0.03858024690972222,5250.0
0b5f6b0c-4591-11e9-9288-b469212bff5b,6dbbbdf6-4589-11e9-95a2-b469212bff5b,1654ee36-4644-11e9-800d-e4b97a38cea1,6dbbbdf4-4589-11e9-a501-b469212bff5b,2019-01-30 14:26:57.260897,2019-01-30 15:22:30.594230,0.03858024690972222,5250.0
0b5f6b0c-4591-11e9-9288-b469212bff5b,6dbbbdf6-4589-11e9-95a2-b469212bff5b,1654ee36-4644-11e9-800d-e4b97a38cea1,6dbbbdf4-4589-11e9-a501-b469212bff5b,2019-01-30 17:24:24.742504,2019-01-30 18:19:58.075837,0.03858024690972222,5250.0
0b5f6b0c-4591-11e9-9288-b469212bff5b,6dbbbdf6-4589-11e9-95a2-b469212bff5b,1654ee36-4644-11e9-800d-e4b97a38cea1,6dbbbdf4-4589-11e9-a501-b469212bff5b,2019-01-30 20:21:52.224112,2019-01-30 21:17:25.557445,0.03858024690972222,5250.0
0b5f6b0c-4591-11e9-9288-b469212bff5b,6dbbbdf6-4589-11e9-95a2-b469212bff5b,1654ee36-4644-11e9-800d-e4b97a38cea1,6dbbbdf4-4589-11e9-a501-b469212bff5b,2019-01-30 23:19:19.705719,2019-01-31 00:14:53.039052,0.03858024690972222,5250.0
0b5f6b0c-4591-11e9-9288-b469212bff5b,6dbbbdf6-4589-11e9-95a2-b469212bff5b,1654ee36-4644-11e9-800d-e4b97a38cea1,6dbbbdf4-4589-11e9-a501-b469212bff5b,2019-01-31 02:16:47.187326,2019-01-31 03:12:20.520660,0.038580246921296295,5250.0
0b5f6b0c-4591-11e9-9288-b469212bff5b,6dbbbdf6-4589-11e9-95a2-b469212bff5b,1654ee36-4644-11e9-800d-e4b97a38cea1,6dbbbdf4-4589-11e9-a501-b469212bff5b,2019-01-31 05:14:14.668934,2019-01-31 06:09:48.002267,0.03858024690972222,5250.0
0b5f6b0c-4591-11e9-9288-b469212bff5b,6dbbbdf6-4589-11e9-95a2-b469212bff5b,1654ee36-4644-11e9-800d-e4b97a38cea1,6dbbbdf4-4589-11e9-a501-b469212bff5b,2019-01-31 08:11:42.150541,2019-01-31 09:07:15.483875,0.038580246921296295,5250.0
0b5f6b0c-4591-11e9-9288-b469212bff5b,6dbbbdf6-4589-11e9-95a2-b469212bff5b,1654ee36-4644-11e9-800d-e4b97a38cea1,6dbbbdf4-4589-11e9-a501-b469212bff5b,2019-01-31 11:09:09.632149,2019-01-31 12:04:42.965482,0.03858024690972222,40500.0
0b5f6b0c-4591-11e9-9288-b469212bff5b,6dbbbdf6-4589-11e9-95a2-b469212bff5b,1654ee36-4644-11e9-800d-e4b97a38cea1,6dbbbdf4-4589-11e9-a501-b469212bff5b,2019-01-31 14:06:37.113756,2019-01-31 15:02:10.447089,0.03858024690972222,40500.0
0b5f6b0c-4591-11e9-9288-b469212bff5b,6dbbbdf6-4589-11e9-95a2-b469212bff5b,1654ee36-4644-11e9-800d-e4b97a38cea1,6dbbbdf4-4589-11e9-a501-b469212bff5b,2019-01-31 17:04:04.595364,2019-01-31 17:59:37.928697,0.03858024690972222,40500.0
0b5f6b0c-4591-11e9-9288-b469212bff5b,6dbbbdf6-4589-11e9-95a2-b469212bff5b,1654ee36-4644-11e9-800d-e4b97a38cea1,6dbbbdf4-4589-11e9-a501-b469212bff5b,2019-01-31 20:01:32.076971,2019-01-31 20:57:05.410304,0.03858024690972222,40500.0
0b5f6b0c-4591-11e9-9288-b469212bff5b,6dbbbdf6-4589-11e9-95a2-b469212bff5b,1654ee36-4644-11e9-800d-e4b97a38cea1,6dbbbdf4-4589-11e9-a501-b469212bff5b,2019-01-31 22:58:59.558578,2019-01-31 23:54:32.891912,0.038580246921296295,40500.0
0b5f6b0c-4591-11e9-9288-b469212bff5b,6dbbbdf6-4589-11e9-95a2-b469212bff5b,1654ee36-4644-11e9-800d-e4b97a38cea1,6dbbbdf4-4589-11e9-a501-b469212bff5b,2019-02-01 01:56:27.040186,2019-02-01 02:52:00.373519,0.03858024690972222,40500.0
0b5f6b0c-4591-11e9-9288-b469212bff5b,6dbbbdf6-4589-11e9-95a2-b469212bff5b,1654ee36-4644-11e9-800d-e4b97a38cea1,6dbbbdf4-4589-11e9-a501-b469212bff5b,2019-02-01 04:53:54.521793,2019-02-01 05:49:27.855127,0.038580246921296295,40500.0
0b5f6b0c-4591-11e9-9288-b469212bff5b,6dbbbdf6-4589-11e9-95a2-b469212bff5b,1654ee36-4644-11e9-800d-e4b97a38cea1,6dbbbdf4-4589-11e9-a501-b469212bff5b,2019-02-01 07:51:22.003401,2019-02-01 08:46:55.336734,0.03858024690972222,40500.0
0b5f6b0c-4591-11e9-9288-b469212bff5b,6dbbbdf6-4589-11e9-95a2-b469212bff5b,1654ee36-4644-11e9-800d-e4b97a38cea1,6dbbbdf4-4589-11e9-a501-b469212bff5b,2019-02-01 10:48:49.485008,2019-02-01 11:44:22.818341,0.03858024690972222,40500.0
0b5f6b0c-4591-11e9-9288-b469212bff5b,6dbbbdf6-4589-11e9-95a2-b469212bff5b,1654ee36-4644-11e9-800d-e4b97a38cea1,6dbbbdf4-4589-11e9-a501-b469212bff5b,2019-02-01 13:46:16.966616,2019-02-01 14:41:50.299949,0.03858024690972222,40500.0
0b5f6b0c-4591-11e9-9288-b469212bff5b,6dbbbdf6-4589-11e9-95a2-b469212bff5b,1654ee36-4644-11e9-800d-e4b97a38cea1,6dbbbdf4-4589-11e9-a501-b469212bff5b,2019-02-01 16:43:44.448223,2019-02-01 17:39:17.781556,0.03858024690972222,40500.0
0b5f6b0c-4591-11e9-9288-b469212bff5b,6dbbbdf6-4589-11e9-95a2-b469212bff5b,1654ee36-4644-11e9-800d-e4b97a38cea1,6dbbbdf4-4589-11e9-a501-b469212bff5b,2019-02-01 19:41:11.929831,2019-02-01 20:36:45.263164,0.03858024690972222,40500.0
0b5f6b0c-4591-11e9-9288-b469212bff5b,6dbbbdf6-4589-11e9-95a2-b469212bff5b,1654ee36-4644-11e9-800d-e4b97a38cea1,6dbbbdf4-4589-11e9-a501-b469212bff5b,2019-02-01 22:38:39.411438,2019-02-01 23:34:12.744771,0.03858024690972222,40500.0
0b5f6b0c-4591-11e9-9288-b469212bff5b,6dbbbdf6-4589-11e9-95a2-b469212bff5b,1654ee36-4644-11e9-800d-e4b97a38cea1,6dbbbdf4-4589-11e9-a501-b469212bff5b,2019-02-02 01:36:06.893045,2019-02-02 02:31:40.226379,0.038580246921296295,40500.0
0b5f6b0c-4591-11e9-9288-b469212bff5b,6dbbbdf6-4589-11e9-95a2-b469212bff5b,1654ee36-4644-11e9-800d-e4b97a38cea1,6dbbbdf4-4589-11e9-a501-b469212bff5b,2019-02-02 04:33:34.374653,2019-02-02 05:29:07.707986,0.03858024690972222,40500.0
0b5f6b0c-4591-11e9-9288-b469212bff5b,6dbbbdf6-4589-11e9-95a2-b469212bff5b,1654ee36-4644-11e9-800d-e4b97a38cea1,6dbbbdf4-4589-11e9-a501-b469212bff5b,2019-02-02 07:31:01.856260,2019-02-02 08:26:35.189594,0.038580246921296295,40500.0
0b5f6b0c-4591-11e9-9288-b469212bff5b,6dbbbdf6-4589-11e9-95a2-b469212bff5b,1654ee36-4644-11e9-800d-e4b97a38cea1,6dbbbdf4-4589-11e9-a501-b469212bff5b,2019-02-02 10:28:29.337868,2019-02-02 11:24:02.671201,0.03858024690972222,40500.0
0b5f6b0c-4591-11e9-9288-b469212bff5b,6dbbbdf6-4589-11e9-95a2-b469212bff5b,1654ee36-4644-11e9-800d-e4b97a38cea1,6dbbbdf4-4589-11e9-a501-b469212bff5b,2019-02-02 13:25:56.819475,2019-02-02 14:21:30.152808,0.03858024690972222,40500.0
0b5f6b0c-4591-11e9-9288-b469212bff5b,6dbbbdf6-4589-11e9-95a2-b469212bff5b,1654ee36-4644-11e9-800d-e4b97a38cea1,6dbbbdf4-4589-11e9-a501-b469212bff5b,2019-02-02 16:23:24.301083,2019-02-02 17:18:57.634416,0.03858024690972222,40500.0
0b5f6b0c-4591-11e9-9288-b469212bff5b,6dbbbdf6-4589-11e9-95a2-b469212bff5b,1654ee36-4644-11e9-800d-e4b97a38cea1,6dbbbdf4-4589-11e9-a501-b469212bff5b,2019-02-02 19:20:51.782690,2019-02-02 20:16:25.116023,0.03858024690972222,40500.0
0b5f6b0c-4591-11e9-9288-b469212bff5b,6dbbbdf6-4589-11e9-95a2-b469212bff5b,1654ee36-4644-11e9-800d-e4b97a38cea1,6dbbbdf4-4589-11e9-a501-b469212bff5b,2019-02-02 22:18:19.264297,2019-02-02 23:13:52.597631,0.038580246921296295,40500.0
0b5f6b0c-4591-11e9-9288-b469212bff5b,6dbbbdf6-4589-11e9-95a2-b469212bff5b,1654ee36-4644-11e9-800d-e4b97a38cea1,6dbbbdf4-4589-11e9-a501-b469212bff5b,2019-02-03 01:15:46.745905,2019-02-03 02:11:20.079238,0.03858024690972222,40500.0
0b5f6b0c-4591-11e9-9288-b469212bff5b,6dbbbdf6-4589-11e9-95a2-b469212bff5b,1654ee36-4644-11e9-800d-e4b97a38cea1,6dbbbdf4-4589-11e9-a501-b469212bff5b,2019-02-03 04:13:14.227512,2019-02-03 05:08:47.560846,0.038580246921296295,40500.0
0b5f6b0c-4591-11e9-9288-b469212bff5b,6dbbbdf6-4589-11e9-95a2-b469212bff5b,1654ee36-4644-11e9-800d-e4b97a38cea1,6dbbbdf4-4589-11e9-a501-b469212bff5b,2019-02-03 07:10:41.709120,2019-02-03 08:06:15.042453,0.03858024690972222,40500.0
0b5f6b0c-4591-11e9-9288-b469212bff5b,6dbbbdf6-4589-11e9-95a2-b469212bff5b,1654ee36-4644-11e9-800d-e4b97a38cea1,6dbbbdf4-4589-11e9-a501-b469212bff5b,2019-02-03 10:08:09.190727,2019-02-03 11:03:42.524060,0.03858024690972222,40500.0
0b5f6b0c-4591-11e9-9288-b469212bff5b,6dbbbdf6-4589-11e9-95a2-b469212bff5b,1654ee36-4644-11e9-800d-e4b97a38cea1,6dbbbdf4-4589-11e9-a501-b469212bff5b,2019-02-03 13:05:36.672335,2019-02-03 14:01:10.005668,0.03858024690972222,40500.0
0b5f6b0c-4591-11e9-9288-b469212bff5b,6dbbbdf6-4589-11e9-95a2-b469212bff5b,1654ee36-4644-11e9-800d-e4b97a38cea1,6dbbbdf4-4589-11e9-a501-b469212bff5b,2019-02-03 16:03:04.153942,2019-02-03 16:58:37.487275,0.03858024690972222,40500.0
0b5f6b0c-4591-11e9-9288-b469212bff5b,6dbbbdf6-4589-11e9-95a2-b469212bff5b,1654ee36-4644-11e9-800d-e4b97a38cea1,6dbbbdf4-4589-11e9-a501-b469212bff5b,2019-02-03 19:00:31.635550,2019-02-03 19:56:04.968883,0.03858024690972222,40500.0
0b5f6b0c-4591-11e9-9288-b469212bff5b,6dbbbdf6-4589-11e9-95a2-b469212bff5b,1654ee36-4644-11e9-800d-e4b97a38cea1,6dbbbdf4-4589-11e9-a501-b469212bff5b,2019-02-03 21:57:59.117157,2019-02-03 22:53:32.450490,0.03858024690972222,40500.0
0b5f6b0c-4591-11e9-9288-b469212bff5b,6dbbbdf6-4589-11e9-95a2-b469212bff5b,1654ee36-4644-11e9-800d-e4b97a38cea1,6dbbbdf4-4589-11e9-a501-b469212bff5b,2019-02-04 00:55:26.598764,2019-02-04 01:50:59.932098,0.038580246921296295,40500.0
0b5f6b0c-4591-11e9-9288-b469212bff5b,6dbbbdf6-4589-11e9-95a2-b469212bff5b,1654ee36-4644-11e9-800d-e4b97a38cea1,6dbbbdf4-4589-11e9-a501-b469212bff5b,2019-02-04 03:52:54.080372,2019-02-04 04:48:27.413705,0.03858024690972222,40500.0
0b5f6b0c-4591-11e9-9288-b469212bff5b,6dbbbdf6-4589-11e9-95a2-b469212bff5b,1654ee36-4644-11e9-800d-e4b97a38cea1,6dbbbdf4-4589-11e9-a501-b469212bff5b,2019-02-04 06:50:21.561979,2019-02-04 07:45:54.895313,0.038580246921296295,40500.0
0b5f6b0c-4591-11e9-9288-b469212bff5b,6dbbbdf6-4589-11e9-95a2-b469212bff5b,1654ee36-4644-11e9-800d-e4b97a38cea1,6dbbbdf4-4589-11e9-a501-b469212bff5b,2019-02-04 09:47:49.043587,2019-02-04 10:43:22.376920,0.03858024690972222,40500.0
0b5f6b0c-4591-11e9-9288-b469212bff5b,6dbbbdf6-4589-11e9-95a2-b469212bff5b,1654ee36-4644-11e9-800d-e4b97a38cea1,6dbbbdf4-4589-11e9-a501-b469212bff5b,2019-02-04 12:45:16.525194,2019-02-04 13:40:49.858527,0.03858024690972222,40500.0
0b5f6b0c-4591-11e9-9288-b469212bff5b,6dbbbdf6-4589-11e9-95a2-b469212bff5b,1654ee36-4644-11e9-800d-e4b97a38cea1,6dbbbdf4-4589-11e9-a501-b469212bff5b,2019-02-04 15:42:44.006802,2019-02-04 16:38:17.340135,0.03858024690972222,40500.0
0b5f6b0c-4591-11e9-9288-b469212bff5b,6dbbbdf6-4589-11e9-95a2-b469212bff5b,1654ee36-4644-11e9-800d-e4b97a38cea1,6dbbbdf4-4589-11e9-a501-b469212bff5b,2019-02-04 18:40:11.488409,2019-02-04 19:35:44.821742,0.03858024690972222,40500.0
0b5f6b0c-4591-11e9-9288-b469212bff5b,6dbbbdf6-4589-11e9-95a2-b469212bff5b,1654ee36-4644-11e9-800d-e4b97a38cea1,6dbbbdf4-4589-11e9-a501-b469212bff5b,2019-02-04 21:37:38.970016,2019-02-04 22:33:12.303350,0.038580246921296295,40500.0
0b5f6b0c-4591-11e9-9288-b469212bff5b,6dbbbdf6-4589-11e9-95a2-b469212bff5b,1654ee36-4644-11e9-800d-e4b97a38cea1,6dbbbdf4-4589-11e9-a501-b469212bff5b,2019-02-05 00:35:06.451624,2019-02-05 01:30:39.784957,0.03858024690972222,40500.0
0b5f6b0c-4591-11e9-9288-b469212bff5b,6dbbbdf6-4589-11e9-95a2-b469212bff5b,1654ee36-4644-11e9-800d-e4b97a38cea1,6dbbbdf4-4589-11e9-a501-b469212bff5b,2019-02-05 03:32:33.933231,2019-02-05 04:28:07.266565,0.038580246921296295,40500.0
0b5f6b0c-4591-11e9-9288-b469212bff5b,6dbbbdf6-4589-11e9-95a2-b469212bff5b,1654ee36-4644-11e9-800d-e4b97a38cea1,6dbbbdf4-4589-11e9-a501-b469212bff5b,2019-02-05 06:30:01.414839,2019-02-05 07:25:34.748172,0.03858024690972222,40500.0
0b5f6b0c-4591-11e9-9288-b469212bff5b,6dbbbdf6-4589-11e9-95a2-b469212bff5b,1654ee36-4644-11e9-800d-e4b97a38cea1,6dbbbdf4-4589-11e9-a501-b469212bff5b,2019-02-05 09:27:28.896446,2019-02-05 10:23:02.229779,0.03858024690972222,0.0
0b5f6b0c-4591-11e9-9288-b469212bff5b,6dbbbdf6-4589-11e9-95a2-b469212bff5b,1654ee36-4644-11e9-800d-e4b97a38cea1,6dbbbdf4-4589-11e9-a501-b469212bff5b,2019-02-05 12:24:56.378054,2019-02-05 13:20:29.711387,0.03858024690972222,0.0
0b5f6b0c-4591-11e9-9288-b469212bff5b,6dbbbdf6-4589-11e9-95a2-b469212bff5b,1654ee36-4644-11e9-800d-e4b97a38cea1,6dbbbdf4-4589-11e9-a501-b469212bff5b,2019-02-05 15:22:23.859661,2019-02-05 16:17:57.192994,0.03858024690972222,0.0
0b5f6b0c-4591-11e9-9288-b469212bff5b,6dbbbdf6-4589-11e9-95a2-b469212bff5b,1654ee36-4644-11e9-800d-e4b97a38cea1,6dbbbdf4-4589-11e9-a501-b469212bff5b,2019-02-05 18:19:51.341269,2019-02-05 19:15:24.674602,0.03858024690972222,0.0
0b5f6b0c-4591-11e9-9288-b469212bff5b,6dbbbdf6-4589-11e9-95a2-b469212bff5b,1654ee36-4644-11e9-800d-e4b97a38cea1,6dbbbdf4-4589-11e9-a501-b469212bff5b,2019-02-05 21:17:18.822876,2019-02-05 22:12:52.156209,0.03858024690972222,0.0
0b5f6b0c-4591-11e9-9288-b469212bff5b,6dbbbdf6-4589-11e9-95a2-b469212bff5b,1654ee36-4644-11e9-800d-e4b97a38cea1,6dbbbdf4-4589-11e9-a501-b469212bff5b,2019-02-06 00:14:46.304483,2019-02-06 01:10:19.637817,0.038580246921296295,0.0
0b5f6b0c-4591-11e9-9288-b469212bff5b,6dbbbdf6-4589-11e9-95a2-b469212bff5b,1654ee36-4644-11e9-800d-e4b97a38cea1,6dbbbdf4-4589-11e9-a501-b469212bff5b,2019-02-06 03:12:13.786091,2019-02-06 04:07:47.119424,0.03858024690972222,0.0
0b5f6b0c-4591-11e9-9288-b469212bff5b,6dbbbdf6-4589-11e9-95a2-b469212bff5b,1654ee36-4644-11e9-800d-e4b97a38cea1,6dbbbdf4-4589-11e9-a501-b469212bff5b,2019-02-06 06:09:41.267698,2019-02-06 07:05:14.601032,0.038580246921296295,0.0
0b5f6b0c-4591-11e9-9288-b469212bff5b,6dbbbdf6-4589-11e9-95a2-b469212bff5b,1654ee36-4644-11e9-800d-e4b97a38cea1,6dbbbdf4-4589-11e9-a501-b469212bff5b,2019-02-06 09:07:08.749306,2019-02-06 10:02:42.082639,0.03858024690972222,0.0
0b5f6b0c-4591-11e9-9288-b469212bff5b,6dbbbdf6-4589-11e9-95a2-b469212bff5b,1654ee36-4644-11e9-800d-e4b97a38cea1,6dbbbdf4-4589-11e9-a501-b469212bff5b,2019-02-06 12:04:36.230913,2019-02-06 13:00:09.564246,0.03858024690972222,0.0
0b5f6b0c-4591-11e9-9288-b469212bff5b,6dbbbdf6-4589-11e9-95a2-b469212bff5b,1654ee36-4644-11e9-800d-e4b97a38cea1,6dbbbdf4-4589-11e9-a501-b469212bff5b,2019-02-06 15:02:03.712521,2019-02-06 15:57:37.045854,0.03858024690972222,0.0
0b5f6b0c-4591-11e9-9288-b469212bff5b,6dbbbdf6-4589-11e9-95a2-b469212bff5b,1654ee36-4644-11e9-800d-e4b97a38cea1,6dbbbdf4-4589-11e9-a501-b469212bff5b,2019-02-06 17:59:31.194128,2019-02-06 18:55:04.527461,0.03858024690972222,0.0
0b5f6b0c-4591-11e9-9288-b469212bff5b,6dbbbdf6-4589-11e9-95a2-b469212bff5b,1654ee36-4644-11e9-800d-e4b97a38cea1,6dbbbdf4-4589-11e9-a501-b469212bff5b,2019-02-06 20:56:58.675735,2019-02-06 21:52:32.009069,0.038580246921296295,0.0
0b5f6b0c-4591-11e9-9288-b469212bff5b,6dbbbdf6-4589-11e9-95a2-b469212bff5b,1654ee36-4644-11e9-800d-e4b97a38cea1,6dbbbdf4-4589-11e9-a501-b469212bff5b,2019-02-06 23:54:26.157343,2019-02-07 00:49:59.490676,0.03858024690972222,0.0
0b5f6b0c-4591-11e9-9288-b469212bff5b,6dbbbdf6-4589-11e9-95a2-b469212bff5b,1654ee36-4644-11e9-800d-e4b97a38cea1,6dbbbdf4-4589-11e9-a501-b469212bff5b,2019-02-07 02:51:53.638950,2019-02-07 03:47:26.972284,0.038580246921296295,0.0
0b5f6b0c-4591-11e9-9288-b469212bff5b,6dbbbdf6-4589-11e9-95a2-b469212bff5b,1654ee36-4644-11e9-800d-e4b97a38cea1,6dbbbdf4-4589-11e9-a501-b469212bff5b,2019-02-07 05:49:21.120558,2019-02-07 06:44:54.453891,0.03858024690972222,0.0
0b5f6b0c-4591-11e9-9288-b469212bff5b,6dbbbdf6-4589-11e9-95a2-b469212bff5b,1654ee36-4644-11e9-800d-e4b97a38cea1,6dbbbdf4-4589-11e9-a501-b469212bff5b,2019-02-07 08:46:48.602165,2019-02-07 09:42:21.935498,0.03858024690972222,0.0
0b5f6b0c-4591-11e9-9288-b469212bff5b,6dbbbdf6-4589-11e9-95a2-b469212bff5b,1654ee36-4644-11e9-800d-e4b97a38cea1,6dbbbdf4-4589-11e9-a501-b469212bff5b,2019-02-07 11:44:16.083773,2019-02-07 12:39:49.417106,0.03858024690972222,0.0
0b5f6b0c-4591-11e9-9288-b469212bff5b,6dbbbdf6-4589-11e9-95a2-b469212bff5b,1654ee36-4644-11e9-800d-e4b97a38cea1,6dbbbdf4-4589-11e9-a501-b469212bff5b,2019-02-07 14:41:43.565380,2019-02-07 15:37:16.898713,0.03858024690972222,0.0
0b5f6b0c-4591-11e9-9288-b469212bff5b,6dbbbdf6-4589-11e9-95a2-b469212bff5b,1654ee36-4644-11e9-800d-e4b97a38cea1,6dbbbdf4-4589-11e9-a501-b469212bff5b,2019-02-07 17:39:11.046988,2019-02-07 18:34:44.380321,0.03858024690972222,0.0
0b5f6b0c-4591-11e9-9288-b469212bff5b,6dbbbdf6-4589-11e9-95a2-b469212bff5b,1654ee36-4644-11e9-800d-e4b97a38cea1,6dbbbdf4-4589-11e9-a501-b469212bff5b,2019-02-07 20:36:38.528595,2019-02-07 21:32:11.861928,0.03858024690972222,0.0
0b5f6b0c-4591-11e9-9288-b469212bff5b,6dbbbdf6-4589-11e9-95a2-b469212bff5b,1654ee36-4644-11e9-800d-e4b97a38cea1,6dbbbdf4-4589-11e9-a501-b469212bff5b,2019-02-07 23:34:06.010202,2019-02-08 00:29:39.343536,0.038580246921296295,0.0
0b5f6b0c-4591-11e9-9288-b469212bff5b,6dbbbdf6-4589-11e9-95a2-b469212bff5b,1654ee36-4644-11e9-800d-e4b97a38cea1,6dbbbdf4-4589-11e9-a501-b469212bff5b,2019-02-08 02:31:33.491810,2019-02-08 03:27:06.825143,0.03858024690972222,0.0
0b5f6b0c-4591-11e9-9288-b469212bff5b,6dbbbdf6-4589-11e9-95a2-b469212bff5b,1654ee36-4644-11e9-800d-e4b97a38cea1,6dbbbdf4-4589-11e9-a501-b469212bff5b,2019-02-08 05:29:00.973417,2019-02-08 06:24:34.306751,0.038580246921296295,0.0
0b5f6b0c-4591-11e9-9288-b469212bff5b,6dbbbdf6-4589-11e9-95a2-b469212bff5b,1654ee36-4644-11e9-800d-e4b97a38cea1,6dbbbdf4-4589-11e9-a501-b469212bff5b,2019-02-08 08:26:28.455025,2019-02-08 09:22:01.788358,0.03858024690972222,0.0
0b5f6b0c-4591-11e9-9288-b469212bff5b,6dbbbdf6-4589-11e9-95a2-b469212bff5b,1654ee36-4644-11e9-800d-e4b97a38cea1,6dbbbdf4-4589-11e9-a501-b469212bff5b,2019-02-08 11:23:55.936632,2019-02-08 12:19:29.269965,0.03858024690972222,0.0
0b5f6b0c-4591-11e9-9288-b469212bff5b,6dbbbdf6-4589-11e9-95a2-b469212bff5b,1654ee36-4644-11e9-800d-e4b97a38cea1,6dbbbdf4-4589-11e9-a501-b469212bff5b,2019-02-08 14:21:23.418240,2019-02-08 15:16:56.751573,0.03858024690972222,0.0
0b5f6b0c-4591-11e9-9288-b469212bff5b,6dbbbdf6-4589-11e9-95a2-b469212bff5b,1654ee36-4644-11e9-800d-e4b97a38cea1,6dbbbdf4-4589-11e9-a501-b469212bff5b,2019-02-08 17:18:50.899847,2019-02-08 18:14:24.233180,0.03858024690972222,0.0
0b5f6b0c-4591-11e9-9288-b469212bff5b,6dbbbdf6-4589-11e9-95a2-b469212bff5b,1654ee36-4644-11e9-800d-e4b97a38cea1,6dbbbdf4-4589-11e9-a501-b469212bff5b,2019-02-08 20:16:18.381454,2019-02-08 21:11:51.714788,0.038580246921296295,0.0
0b5f6b0c-4591-11e9-9288-b469212bff5b,6dbbbdf6-4589-11e9-95a2-b469212bff5b,1654ee36-4644-11e9-800d-e4b97a38cea1,6dbbbdf4-4589-11e9-a501-b469212bff5b,2019-02-08 23:13:45.863062,2019-02-09 00:09:19.196395,0.03858024690972222,0.0
0b5f6b0c-4591-11e9-9288-b469212bff5b,6dbbbdf6-4589-11e9-95a2-b469212bff5b,1654ee36-4644-11e9-800d-e4b97a38cea1,6dbbbdf4-4589-11e9-a501-b469212bff5b,2019-02-09 02:11:13.344669,2019-02-09 03:06:46.678003,0.038580246921296295,0.0
0b5f6b0c-4591-11e9-9288-b469212bff5b,6dbbbdf6-4589-11e9-95a2-b469212bff5b,1654ee36-4644-11e9-800d-e4b97a38cea1,6dbbbdf4-4589-11e9-a501-b469212bff5b,2019-02-09 05:08:40.826277,2019-02-09 06:04:14.159610,0.03858024690972222,0.0
0b5f6b0c-4591-11e9-9288-b469212bff5b,6dbbbdf6-4589-11e9-95a2-b469212bff5b,1654ee36-4644-11e9-800d-e4b97a38cea1,6dbbbdf4-4589-11e9-a501-b469212bff5b,2019-02-09 08:06:08.307884,2019-02-09 09:01:41.641217,0.03858024690972222,0.0
0b5f6b0c-4591-11e9-9288-b469212bff5b,6dbbbdf6-4589-11e9-95a2-b469212bff5b,1654ee36-4644-11e9-800d-e4b97a38cea1,6dbbbdf4-4589-11e9-a501-b469212bff5b,2019-02-09 11:03:35.789492,2019-02-09 11:59:09.122825,0.03858024690972222,0.0
0b5f6b0c-4591-11e9-9288-b469212bff5b,6dbbbdf6-4589-11e9-95a2-b469212bff5b,1654ee36-4644-11e9-800d-e4b97a38cea1,6dbbbdf4-4589-11e9-a501-b469212bff5b,2019-02-09 14:01:03.271099,2019-02-09 14:56:36.604432,0.03858024690972222,0.0
0b5f6b0c-4591-11e9-9288-b469212bff5b,6dbbbdf6-4589-11e9-95a2-b469212bff5b,1654ee36-4644-11e9-800d-e4b97a38cea1,6dbbbdf4-4589-11e9-a501-b469212bff5b,2019-02-09 16:58:30.752707,2019-02-09 17:54:04.086040,0.03858024690972222,0.0
0b5f6b0c-4591-11e9-9288-b469212bff5b,6dbbbdf6-4589-11e9-95a2-b469212bff5b,1654ee36-4644-11e9-800d-e4b97a38cea1,6dbbbdf4-4589-11e9-a501-b469212bff5b,2019-02-09 19:55:58.234314,2019-02-09 20:51:31.567647,0.03858024690972222,0.0
0b5f6b0c-4591-11e9-9288-b469212bff5b,6dbbbdf6-4589-11e9-95a2-b469212bff5b,1654ee36-4644-11e9-800d-e4b97a38cea1,6dbbbdf4-4589-11e9-a501-b469212bff5b,2019-02-09 22:53:25.715921,2019-02-09 23:48:59.049255,0.038580246921296295,0.0
0b5f6b0c-4591-11e9-9288-b469212bff5b,6dbbbdf6-4589-11e9-95a2-b469212bff5b,1654ee36-4644-11e9-800d-e4b97a38cea1,6dbbbdf4-4589-11e9-a501-b469212bff5b,2019-02-10 01:50:53.197529,2019-02-10 02:46:26.530862,0.03858024690972222,0.0
0b5f6b0c-4591-11e9-9288-b469212bff5b,6dbbbdf6-4589-11e9-95a2-b469212bff5b,1654ee36-4644-11e9-800d-e4b97a38cea1,6dbbbdf4-4589-11e9-a501-b469212bff5b,2019-02-10 04:48:20.679136,2019-02-10 05:43:54.012470,0.038580246921296295,0.0
