SimulationID,ObjectID,EventID,LocationID,EnergyUseStart,EnergyUseStop,EnergyUseDuration,EnergyUse
6f1aed5a-458f-11e9-861a-b469212bff5b,6dbbbdf6-4589-11e9-95a2-b469212bff5b,aec2d95c-5a15-11e9-b03b-b469212bff5b,6dbbbdf4-4589-11e9-a501-b469212bff5b,2019-04-08 17:48:34.000000,2019-04-08 18:44:07.333333,0.03858024690972222,16666666.666666668
6f1aed5a-458f-11e9-861a-b469212bff5b,6dbbbdf6-4589-11e9-95a2-b469212bff5b,aec3759a-5a15-11e9-9505-b469212bff5b,6dbbbdf5-4589-11e9-82b2-b469212bff5b,2019-04-08 18:44:07.333333,2019-04-08 19:19:02.499092,0.024249603692129633,5237914.395963831
6f1aed5a-458f-11e9-861a-b469212bff5b,6dbbbdf6-4589-11e9-95a2-b469212bff5b,aec3c3c0-5a15-11e9-85f1-b469212bff5b,6dbbbdf5-4589-11e9-82b2-b469212bff5b,2019-04-08 19:19:02.499092,2019-04-08 20:14:35.832425,0.03858024690972222,16666666.666666668
6f1aed5a-458f-11e9-861a-b469212bff5b,6dbbbdf6-4589-11e9-95a2-b469212bff5b,aec411de-5a15-11e9-a081-b469212bff5b,6dbbbdf4-4589-11e9-a501-b469212bff5b,2019-04-08 20:14:35.832425,2019-04-08 20:46:01.481607,0.021824643310185188,4714122.956367448
6f1aed5a-458f-11e9-861a-b469212bff5b,6dbbbdf6-4589-11e9-95a2-b469212bff5b,aec2d95c-5a15-11e9-b03b-b469212bff5b,6dbbbdf4-4589-11e9-a501-b469212bff5b,2019-04-08 20:46:01.481607,2019-04-08 21:41:34.814941,0.038580246921296295,16666666.666666668
6f1aed5a-458f-11e9-861a-b469212bff5b,6dbbbdf6-4589-11e9-95a2-b469212bff5b,aec3759a-5a15-11e9-9505-b469212bff5b,6dbbbdf5-4589-11e9-82b2-b469212bff5b,2019-04-08 21:41:34.814941,2019-04-08 22:16:29.980699,0.024249603680555558,5237914.395963831
6f1aed5a-458f-11e9-861a-b469212bff5b,6dbbbdf6-4589-11e9-95a2-b469212bff5b,aec3c3c0-5a15-11e9-85f1-b469212bff5b,6dbbbdf5-4589-11e9-82b2-b469212bff5b,2019-04-08 22:16:29.980699,2019-04-08 23:12:03.314032,0.03858024690972222,16666666.666666668
6f1aed5a-458f-11e9-861a-b469212bff5b,6dbbbdf6-4589-11e9-95a2-b469212bff5b,aec411de-5a15-11e9-a081-b469212bff5b,6dbbbdf4-4589-11e9-a501-b469212bff5b,2019-04-08 23:12:03.314032,2019-04-08 23:43:28.963215,0.02182464332175926,4714122.956367448
6f1aed5a-458f-11e9-861a-b469212bff5b,6dbbbdf6-4589-11e9-95a2-b469212bff5b,aec2d95c-5a15-11e9-b03b-b469212bff5b,6dbbbdf4-4589-11e9-a501-b469212bff5b,2019-04-08 23:43:28.963215,2019-04-09 00:39:02.296548,0.03858024690972222,16666666.666666668
6f1aed5a-458f-11e9-861a-b469212bff5b,6dbbbdf6-4589-11e9-95a2-b469212bff5b,aec3759a-5a15-11e9-9505-b469212bff5b,6dbbbdf5-4589-11e9-82b2-b469212bff5b,2019-04-09 00:39:02.296548,2019-04-09 01:13:57.462306,0.024249603680555558,5237914.395963831
6f1aed5a-458f-11e9-861a-b469212bff5b,6dbbbdf6-4589-11e9-95a2-b469212bff5b,aec3c3c0-5a15-11e9-85f1-b469212bff5b,6dbbbdf5-4589-11e9-82b2-b469212bff5b,2019-04-09 01:13:57.462306,2019-04-09 02:09:30.795640,0.038580246921296295,16666666.666666668
6f1aed5a-458f-11e9-861a-b469212bff5b,6dbbbdf6-4589-11e9-95a2-b469212bff5b,aec411de-5a15-11e9-a081-b469212bff5b,6dbbbdf4-4589-11e9-a501-b469212bff5b,2019-04-09 02:09:30.795640,2019-04-09 02:40:56.444822,0.021824643310185188,4714122.956367448
6f1aed5a-458f-11e9-861a-b469212bff5b,6dbbbdf6-4589-11e9-95a2-b469212bff5b,aec2d95c-5a15-11e9-b03b-b469212bff5b,6dbbbdf4-4589-11e9-a501-b469212bff5b,2019-04-09 02:40:56.444822,2019-04-09 03:36:29.778156,0.038580246921296295,16666666.666666668
6f1aed5a-458f-11e9-861a-b469212bff5b,6dbbbdf6-4589-11e9-95a2-b469212bff5b,aec3759a-5a15-11e9-9505-b469212bff5b,6dbbbdf5-4589-11e9-82b2-b469212bff5b,2019-04-09 03:36:29.778156,2019-04-09 04:11:24.943914,0.024249603680555558,5237914.395963831
6f1aed5a-458f-11e9-861a-b469212bff5b,6dbbbdf6-4589-11e9-95a2-b469212bff5b,aec3c3c0-5a15-11e9-85f1-b469212bff5b,6dbbbdf5-4589-11e9-82b2-b469212bff5b,2019-04-09 04:11:24.943914,2019-04-09 05:06:58.277247,0.03858024690972222,16666666.666666668
6f1aed5a-458f-11e9-861a-b469212bff5b,6dbbbdf6-4589-11e9-95a2-b469212bff5b,aec411de-5a15-11e9-a081-b469212bff5b,6dbbbdf4-4589-11e9-a501-b469212bff5b,2019-04-09 05:06:58.277247,2019-04-09 05:38:23.926430,0.02182464332175926,4714122.956367448
6f1aed5a-458f-11e9-861a-b469212bff5b,6dbbbdf6-4589-11e9-95a2-b469212bff5b,aec2d95c-5a15-11e9-b03b-b469212bff5b,6dbbbdf4-4589-11e9-a501-b469212bff5b,2019-04-09 05:38:23.926430,2019-04-09 06:33:57.259763,0.03858024690972222,16666666.666666668
6f1aed5a-458f-11e9-861a-b469212bff5b,6dbbbdf6-4589-11e9-95a2-b469212bff5b,aec3759a-5a15-11e9-9505-b469212bff5b,6dbbbdf5-4589-11e9-82b2-b469212bff5b,2019-04-09 06:33:57.259763,2019-04-09 07:08:52.425521,0.024249603680555558,5237914.395963831
6f1aed5a-458f-11e9-861a-b469212bff5b,6dbbbdf6-4589-11e9-95a2-b469212bff5b,aec3c3c0-5a15-11e9-85f1-b469212bff5b,6dbbbdf5-4589-11e9-82b2-b469212bff5b,2019-04-09 07:08:52.425521,2019-04-09 08:04:25.758855,0.038580246921296295,16666666.666666668
6f1aed5a-458f-11e9-861a-b469212bff5b,6dbbbdf6-4589-11e9-95a2-b469212bff5b,aec411de-5a15-11e9-a081-b469212bff5b,6dbbbdf4-4589-11e9-a501-b469212bff5b,2019-04-09 08:04:25.758855,2019-04-09 08:35:51.408037,0.021824643310185188,4714122.956367448
6f1aed5a-458f-11e9-861a-b469212bff5b,6dbbbdf6-4589-11e9-95a2-b469212bff5b,aec2d95c-5a15-11e9-b03b-b469212bff5b,6dbbbdf4-4589-11e9-a501-b469212bff5b,2019-04-09 08:35:51.408037,2019-04-09 09:31:24.741370,0.03858024690972222,16666666.666666668
6f1aed5a-458f-11e9-861a-b469212bff5b,6dbbbdf6-4589-11e9-95a2-b469212bff5b,aec3759a-5a15-11e9-9505-b469212bff5b,6dbbbdf5-4589-11e9-82b2-b469212bff5b,2019-04-09 09:31:24.741370,2019-04-09 10:06:19.907129,0.024249603692129633,5237914.395963831
6f1aed5a-458f-11e9-861a-b469212bff5b,6dbbbdf6-4589-11e9-95a2-b469212bff5b,aec3c3c0-5a15-11e9-85f1-b469212bff5b,6dbbbdf5-4589-11e9-82b2-b469212bff5b,2019-04-09 10:06:19.907129,2019-04-09 11:01:53.240462,0.03858024690972222,16666666.666666668
6f1aed5a-458f-11e9-861a-b469212bff5b,6dbbbdf6-4589-11e9-95a2-b469212bff5b,aec411de-5a15-11e9-a081-b469212bff5b,6dbbbdf4-4589-11e9-a501-b469212bff5b,2019-04-09 11:01:53.240462,2019-04-09 11:33:18.889645,0.02182464332175926,4714122.956367448
6f1aed5a-458f-11e9-861a-b469212bff5b,6dbbbdf6-4589-11e9-95a2-b469212bff5b,aec2d95c-5a15-11e9-b03b-b469212bff5b,6dbbbdf4-4589-11e9-a501-b469212bff5b,2019-04-09 11:33:18.889645,2019-04-09 12:28:52.222978,0.03858024690972222,16666666.666666668
6f1aed5a-458f-11e9-861a-b469212bff5b,6dbbbdf6-4589-11e9-95a2-b469212bff5b,aec3759a-5a15-11e9-9505-b469212bff5b,6dbbbdf5-4589-11e9-82b2-b469212bff5b,2019-04-09 12:28:52.222978,2019-04-09 13:03:47.388736,0.024249603680555558,5237914.395963831
6f1aed5a-458f-11e9-861a-b469212bff5b,6dbbbdf6-4589-11e9-95a2-b469212bff5b,aec3c3c0-5a15-11e9-85f1-b469212bff5b,6dbbbdf5-4589-11e9-82b2-b469212bff5b,2019-04-09 13:03:47.388736,2019-04-09 13:59:20.722070,0.038580246921296295,16666666.666666668
6f1aed5a-458f-11e9-861a-b469212bff5b,6dbbbdf6-4589-11e9-95a2-b469212bff5b,aec411de-5a15-11e9-a081-b469212bff5b,6dbbbdf4-4589-11e9-a501-b469212bff5b,2019-04-09 13:59:20.722070,2019-04-09 14:30:46.371252,0.021824643310185188,4714122.956367448
6f1aed5a-458f-11e9-861a-b469212bff5b,6dbbbdf6-4589-11e9-95a2-b469212bff5b,aec2d95c-5a15-11e9-b03b-b469212bff5b,6dbbbdf4-4589-11e9-a501-b469212bff5b,2019-04-09 14:30:46.371252,2019-04-09 15:26:19.704585,0.03858024690972222,16666666.666666668
6f1aed5a-458f-11e9-861a-b469212bff5b,6dbbbdf6-4589-11e9-95a2-b469212bff5b,aec3759a-5a15-11e9-9505-b469212bff5b,6dbbbdf5-4589-11e9-82b2-b469212bff5b,2019-04-09 15:26:19.704585,2019-04-09 16:01:14.870344,0.024249603692129633,5237914.395963831
6f1aed5a-458f-11e9-861a-b469212bff5b,6dbbbdf6-4589-11e9-95a2-b469212bff5b,aec3c3c0-5a15-11e9-85f1-b469212bff5b,6dbbbdf5-4589-11e9-82b2-b469212bff5b,2019-04-09 16:01:14.870344,2019-04-09 16:56:48.203677,0.03858024690972222,16666666.666666668
6f1aed5a-458f-11e9-861a-b469212bff5b,6dbbbdf6-4589-11e9-95a2-b469212bff5b,aec411de-5a15-11e9-a081-b469212bff5b,6dbbbdf4-4589-11e9-a501-b469212bff5b,2019-04-09 16:56:48.203677,2019-04-09 17:28:13.852859,0.021824643310185188,4714122.956367448
6f1aed5a-458f-11e9-861a-b469212bff5b,6dbbbdf6-4589-11e9-95a2-b469212bff5b,aec2d95c-5a15-11e9-b03b-b469212bff5b,6dbbbdf4-4589-11e9-a501-b469212bff5b,2019-04-09 17:28:13.852859,2019-04-09 18:23:47.186193,0.038580246921296295,16666666.666666668
6f1aed5a-458f-11e9-861a-b469212bff5b,6dbbbdf6-4589-11e9-95a2-b469212bff5b,aec3759a-5a15-11e9-9505-b469212bff5b,6dbbbdf5-4589-11e9-82b2-b469212bff5b,2019-04-09 18:23:47.186193,2019-04-09 18:58:42.351951,0.024249603680555558,5237914.395963831
6f1aed5a-458f-11e9-861a-b469212bff5b,6dbbbdf6-4589-11e9-95a2-b469212bff5b,aec3c3c0-5a15-11e9-85f1-b469212bff5b,6dbbbdf5-4589-11e9-82b2-b469212bff5b,2019-04-09 18:58:42.351951,2019-04-09 19:54:15.685284,0.03858024690972222,16666666.666666668
6f1aed5a-458f-11e9-861a-b469212bff5b,6dbbbdf6-4589-11e9-95a2-b469212bff5b,aec411de-5a15-11e9-a081-b469212bff5b,6dbbbdf4-4589-11e9-a501-b469212bff5b,2019-04-09 19:54:15.685284,2019-04-09 20:25:41.334467,0.02182464332175926,4714122.956367448
6f1aed5a-458f-11e9-861a-b469212bff5b,6dbbbdf6-4589-11e9-95a2-b469212bff5b,aec2d95c-5a15-11e9-b03b-b469212bff5b,6dbbbdf4-4589-11e9-a501-b469212bff5b,2019-04-09 20:25:41.334467,2019-04-09 21:21:14.667800,0.03858024690972222,16666666.666666668
6f1aed5a-458f-11e9-861a-b469212bff5b,6dbbbdf6-4589-11e9-95a2-b469212bff5b,aec3759a-5a15-11e9-9505-b469212bff5b,6dbbbdf5-4589-11e9-82b2-b469212bff5b,2019-04-09 21:21:14.667800,2019-04-09 21:56:09.833559,0.024249603692129633,5237914.395963831
6f1aed5a-458f-11e9-861a-b469212bff5b,6dbbbdf6-4589-11e9-95a2-b469212bff5b,aec3c3c0-5a15-11e9-85f1-b469212bff5b,6dbbbdf5-4589-11e9-82b2-b469212bff5b,2019-04-09 21:56:09.833559,2019-04-09 22:51:43.166892,0.03858024690972222,16666666.666666668
6f1aed5a-458f-11e9-861a-b469212bff5b,6dbbbdf6-4589-11e9-95a2-b469212bff5b,aec411de-5a15-11e9-a081-b469212bff5b,6dbbbdf4-4589-11e9-a501-b469212bff5b,2019-04-09 22:51:43.166892,2019-04-09 23:23:08.816074,0.021824643310185188,4714122.956367448
6f1aed5a-458f-11e9-861a-b469212bff5b,6dbbbdf6-4589-11e9-95a2-b469212bff5b,aec2d95c-5a15-11e9-b03b-b469212bff5b,6dbbbdf4-4589-11e9-a501-b469212bff5b,2019-04-09 23:23:08.816074,2019-04-10 00:18:42.149408,0.038580246921296295,16666666.666666668
6f1aed5a-458f-11e9-861a-b469212bff5b,6dbbbdf6-4589-11e9-95a2-b469212bff5b,aec3759a-5a15-11e9-9505-b469212bff5b,6dbbbdf5-4589-11e9-82b2-b469212bff5b,2019-04-10 00:18:42.149408,2019-04-10 00:53:37.315166,0.024249603680555558,5237914.395963831
6f1aed5a-458f-11e9-861a-b469212bff5b,6dbbbdf6-4589-11e9-95a2-b469212bff5b,aec3c3c0-5a15-11e9-85f1-b469212bff5b,6dbbbdf5-4589-11e9-82b2-b469212bff5b,2019-04-10 00:53:37.315166,2019-04-10 01:49:10.648499,0.03858024690972222,16666666.666666668
6f1aed5a-458f-11e9-861a-b469212bff5b,6dbbbdf6-4589-11e9-95a2-b469212bff5b,aec411de-5a15-11e9-a081-b469212bff5b,6dbbbdf4-4589-11e9-a501-b469212bff5b,2019-04-10 01:49:10.648499,2019-04-10 02:20:36.297682,0.02182464332175926,4714122.956367448
6f1aed5a-458f-11e9-861a-b469212bff5b,6dbbbdf6-4589-11e9-95a2-b469212bff5b,aec2d95c-5a15-11e9-b03b-b469212bff5b,6dbbbdf4-4589-11e9-a501-b469212bff5b,2019-04-10 02:20:36.297682,2019-04-10 03:16:09.631015,0.03858024690972222,16666666.666666668
6f1aed5a-458f-11e9-861a-b469212bff5b,6dbbbdf6-4589-11e9-95a2-b469212bff5b,aec3759a-5a15-11e9-9505-b469212bff5b,6dbbbdf5-4589-11e9-82b2-b469212bff5b,2019-04-10 03:16:09.631015,2019-04-10 03:51:04.796773,0.024249603680555558,5237914.395963831
6f1aed5a-458f-11e9-861a-b469212bff5b,6dbbbdf6-4589-11e9-95a2-b469212bff5b,aec3c3c0-5a15-11e9-85f1-b469212bff5b,6dbbbdf5-4589-11e9-82b2-b469212bff5b,2019-04-10 03:51:04.796773,2019-04-10 04:46:38.130107,0.038580246921296295,16666666.666666668
6f1aed5a-458f-11e9-861a-b469212bff5b,6dbbbdf6-4589-11e9-95a2-b469212bff5b,aec411de-5a15-11e9-a081-b469212bff5b,6dbbbdf4-4589-11e9-a501-b469212bff5b,2019-04-10 04:46:38.130107,2019-04-10 05:18:03.779289,0.021824643310185188,4714122.956367448
6f1aed5a-458f-11e9-861a-b469212bff5b,6dbbbdf6-4589-11e9-95a2-b469212bff5b,aec2d95c-5a15-11e9-b03b-b469212bff5b,6dbbbdf4-4589-11e9-a501-b469212bff5b,2019-04-10 05:18:03.779289,2019-04-10 06:13:37.112622,0.03858024690972222,16666666.666666668
6f1aed5a-458f-11e9-861a-b469212bff5b,6dbbbdf6-4589-11e9-95a2-b469212bff5b,aec3759a-5a15-11e9-9505-b469212bff5b,6dbbbdf5-4589-11e9-82b2-b469212bff5b,2019-04-10 06:13:37.112622,2019-04-10 06:48:32.278381,0.024249603692129633,5237914.395963831
6f1aed5a-458f-11e9-861a-b469212bff5b,6dbbbdf6-4589-11e9-95a2-b469212bff5b,aec3c3c0-5a15-11e9-85f1-b469212bff5b,6dbbbdf5-4589-11e9-82b2-b469212bff5b,2019-04-10 06:48:32.278381,2019-04-10 07:44:05.611714,0.03858024690972222,16666666.666666668
6f1aed5a-458f-11e9-861a-b469212bff5b,6dbbbdf6-4589-11e9-95a2-b469212bff5b,aec411de-5a15-11e9-a081-b469212bff5b,6dbbbdf4-4589-11e9-a501-b469212bff5b,2019-04-10 07:44:05.611714,2019-04-10 08:15:31.260897,0.02182464332175926,4714122.956367448
6f1aed5a-458f-11e9-861a-b469212bff5b,6dbbbdf6-4589-11e9-95a2-b469212bff5b,aec2d95c-5a15-11e9-b03b-b469212bff5b,6dbbbdf4-4589-11e9-a501-b469212bff5b,2019-04-10 08:15:31.260897,2019-04-10 09:11:04.594230,0.03858024690972222,16666666.666666668
6f1aed5a-458f-11e9-861a-b469212bff5b,6dbbbdf6-4589-11e9-95a2-b469212bff5b,aec3759a-5a15-11e9-9505-b469212bff5b,6dbbbdf5-4589-11e9-82b2-b469212bff5b,2019-04-10 09:11:04.594230,2019-04-10 09:45:59.759988,0.024249603680555558,5237914.395963831
6f1aed5a-458f-11e9-861a-b469212bff5b,6dbbbdf6-4589-11e9-95a2-b469212bff5b,aec3c3c0-5a15-11e9-85f1-b469212bff5b,6dbbbdf5-4589-11e9-82b2-b469212bff5b,2019-04-10 09:45:59.759988,2019-04-10 10:41:33.093322,0.038580246921296295,16666666.666666668
6f1aed5a-458f-11e9-861a-b469212bff5b,6dbbbdf6-4589-11e9-95a2-b469212bff5b,aec411de-5a15-11e9-a081-b469212bff5b,6dbbbdf4-4589-11e9-a501-b469212bff5b,2019-04-10 10:41:33.093322,2019-04-10 11:12:58.742504,0.021824643310185188,4714122.956367448
6f1aed5a-458f-11e9-861a-b469212bff5b,6dbbbdf6-4589-11e9-95a2-b469212bff5b,aec2d95c-5a15-11e9-b03b-b469212bff5b,6dbbbdf4-4589-11e9-a501-b469212bff5b,2019-04-10 11:12:58.742504,2019-04-10 12:08:32.075837,0.03858024690972222,16666666.666666668
6f1aed5a-458f-11e9-861a-b469212bff5b,6dbbbdf6-4589-11e9-95a2-b469212bff5b,aec3759a-5a15-11e9-9505-b469212bff5b,6dbbbdf5-4589-11e9-82b2-b469212bff5b,2019-04-10 12:08:32.075837,2019-04-10 12:43:27.241596,0.024249603692129633,5237914.395963831
6f1aed5a-458f-11e9-861a-b469212bff5b,6dbbbdf6-4589-11e9-95a2-b469212bff5b,aec3c3c0-5a15-11e9-85f1-b469212bff5b,6dbbbdf5-4589-11e9-82b2-b469212bff5b,2019-04-10 12:43:27.241596,2019-04-10 13:39:00.574929,0.03858024690972222,16666666.666666668
6f1aed5a-458f-11e9-861a-b469212bff5b,6dbbbdf6-4589-11e9-95a2-b469212bff5b,aec411de-5a15-11e9-a081-b469212bff5b,6dbbbdf4-4589-11e9-a501-b469212bff5b,2019-04-10 13:39:00.574929,2019-04-10 14:10:26.224112,0.02182464332175926,4714122.956367448
6f1aed5a-458f-11e9-861a-b469212bff5b,6dbbbdf6-4589-11e9-95a2-b469212bff5b,aec2d95c-5a15-11e9-b03b-b469212bff5b,6dbbbdf4-4589-11e9-a501-b469212bff5b,2019-04-10 14:10:26.224112,2019-04-10 15:05:59.557445,0.03858024690972222,16666666.666666668
6f1aed5a-458f-11e9-861a-b469212bff5b,6dbbbdf6-4589-11e9-95a2-b469212bff5b,aec3759a-5a15-11e9-9505-b469212bff5b,6dbbbdf5-4589-11e9-82b2-b469212bff5b,2019-04-10 15:05:59.557445,2019-04-10 15:40:54.723203,0.024249603680555558,5237914.395963831
6f1aed5a-458f-11e9-861a-b469212bff5b,6dbbbdf6-4589-11e9-95a2-b469212bff5b,aec3c3c0-5a15-11e9-85f1-b469212bff5b,6dbbbdf5-4589-11e9-82b2-b469212bff5b,2019-04-10 15:40:54.723203,2019-04-10 16:36:28.056536,0.03858024690972222,16666666.666666668
6f1aed5a-458f-11e9-861a-b469212bff5b,6dbbbdf6-4589-11e9-95a2-b469212bff5b,aec411de-5a15-11e9-a081-b469212bff5b,6dbbbdf4-4589-11e9-a501-b469212bff5b,2019-04-10 16:36:28.056536,2019-04-10 17:07:53.705719,0.02182464332175926,4714122.956367448
6f1aed5a-458f-11e9-861a-b469212bff5b,6dbbbdf6-4589-11e9-95a2-b469212bff5b,aec2d95c-5a15-11e9-b03b-b469212bff5b,6dbbbdf4-4589-11e9-a501-b469212bff5b,2019-04-10 17:07:53.705719,2019-04-10 18:03:27.039052,0.03858024690972222,16666666.666666668
6f1aed5a-458f-11e9-861a-b469212bff5b,6dbbbdf6-4589-11e9-95a2-b469212bff5b,aec3759a-5a15-11e9-9505-b469212bff5b,6dbbbdf5-4589-11e9-82b2-b469212bff5b,2019-04-10 18:03:27.039052,2019-04-10 18:38:22.204811,0.024249603692129633,5237914.395963831
6f1aed5a-458f-11e9-861a-b469212bff5b,6dbbbdf6-4589-11e9-95a2-b469212bff5b,aec3c3c0-5a15-11e9-85f1-b469212bff5b,6dbbbdf5-4589-11e9-82b2-b469212bff5b,2019-04-10 18:38:22.204811,2019-04-10 19:33:55.538144,0.03858024690972222,16666666.666666668
6f1aed5a-458f-11e9-861a-b469212bff5b,6dbbbdf6-4589-11e9-95a2-b469212bff5b,aec411de-5a15-11e9-a081-b469212bff5b,6dbbbdf4-4589-11e9-a501-b469212bff5b,2019-04-10 19:33:55.538144,2019-04-10 20:05:21.187326,0.021824643310185188,4714122.956367448
6f1aed5a-458f-11e9-861a-b469212bff5b,6dbbbdf6-4589-11e9-95a2-b469212bff5b,aec2d95c-5a15-11e9-b03b-b469212bff5b,6dbbbdf4-4589-11e9-a501-b469212bff5b,2019-04-10 20:05:21.187326,2019-04-10 21:00:54.520660,0.038580246921296295,16666666.666666668
6f1aed5a-458f-11e9-861a-b469212bff5b,6dbbbdf6-4589-11e9-95a2-b469212bff5b,aec3759a-5a15-11e9-9505-b469212bff5b,6dbbbdf5-4589-11e9-82b2-b469212bff5b,2019-04-10 21:00:54.520660,2019-04-10 21:35:49.686418,0.024249603680555558,5237914.395963831
6f1aed5a-458f-11e9-861a-b469212bff5b,6dbbbdf6-4589-11e9-95a2-b469212bff5b,aec3c3c0-5a15-11e9-85f1-b469212bff5b,6dbbbdf5-4589-11e9-82b2-b469212bff5b,2019-04-10 21:35:49.686418,2019-04-10 22:31:23.019751,0.03858024690972222,16666666.666666668
6f1aed5a-458f-11e9-861a-b469212bff5b,6dbbbdf6-4589-11e9-95a2-b469212bff5b,aec411de-5a15-11e9-a081-b469212bff5b,6dbbbdf4-4589-11e9-a501-b469212bff5b,2019-04-10 22:31:23.019751,2019-04-10 23:02:48.668934,0.02182464332175926,4714122.956367448
6f1aed5a-458f-11e9-861a-b469212bff5b,6dbbbdf6-4589-11e9-95a2-b469212bff5b,aec2d95c-5a15-11e9-b03b-b469212bff5b,6dbbbdf4-4589-11e9-a501-b469212bff5b,2019-04-10 23:02:48.668934,2019-04-10 23:58:22.002267,0.03858024690972222,16666666.666666668
6f1aed5a-458f-11e9-861a-b469212bff5b,6dbbbdf6-4589-11e9-95a2-b469212bff5b,aec3759a-5a15-11e9-9505-b469212bff5b,6dbbbdf5-4589-11e9-82b2-b469212bff5b,2019-04-10 23:58:22.002267,2019-04-11 00:33:17.168025,0.024249603680555558,5237914.395963831
6f1aed5a-458f-11e9-861a-b469212bff5b,6dbbbdf6-4589-11e9-95a2-b469212bff5b,aec3c3c0-5a15-11e9-85f1-b469212bff5b,6dbbbdf5-4589-11e9-82b2-b469212bff5b,2019-04-11 00:33:17.168025,2019-04-11 01:28:50.501359,0.038580246921296295,16666666.666666668
6f1aed5a-458f-11e9-861a-b469212bff5b,6dbbbdf6-4589-11e9-95a2-b469212bff5b,aec411de-5a15-11e9-a081-b469212bff5b,6dbbbdf4-4589-11e9-a501-b469212bff5b,2019-04-11 01:28:50.501359,2019-04-11 02:00:16.150541,0.021824643310185188,4714122.956367448
6f1aed5a-458f-11e9-861a-b469212bff5b,6dbbbdf6-4589-11e9-95a2-b469212bff5b,aec2d95c-5a15-11e9-b03b-b469212bff5b,6dbbbdf4-4589-11e9-a501-b469212bff5b,2019-04-11 02:00:16.150541,2019-04-11 02:55:49.483875,0.038580246921296295,16666666.666666668
6f1aed5a-458f-11e9-861a-b469212bff5b,6dbbbdf6-4589-11e9-95a2-b469212bff5b,aec3759a-5a15-11e9-9505-b469212bff5b,6dbbbdf5-4589-11e9-82b2-b469212bff5b,2019-04-11 02:55:49.483875,2019-04-11 03:30:44.649633,0.024249603680555558,5237914.395963831
6f1aed5a-458f-11e9-861a-b469212bff5b,6dbbbdf6-4589-11e9-95a2-b469212bff5b,aec3c3c0-5a15-11e9-85f1-b469212bff5b,6dbbbdf5-4589-11e9-82b2-b469212bff5b,2019-04-11 03:30:44.649633,2019-04-11 04:26:17.982966,0.03858024690972222,16666666.666666668
6f1aed5a-458f-11e9-861a-b469212bff5b,6dbbbdf6-4589-11e9-95a2-b469212bff5b,aec411de-5a15-11e9-a081-b469212bff5b,6dbbbdf4-4589-11e9-a501-b469212bff5b,2019-04-11 04:26:17.982966,2019-04-11 04:57:43.632149,0.02182464332175926,4714122.956367448
6f1aed5a-458f-11e9-861a-b469212bff5b,6dbbbdf6-4589-11e9-95a2-b469212bff5b,aec2d95c-5a15-11e9-b03b-b469212bff5b,6dbbbdf4-4589-11e9-a501-b469212bff5b,2019-04-11 04:57:43.632149,2019-04-11 05:53:16.965482,0.03858024690972222,16666666.666666668
6f1aed5a-458f-11e9-861a-b469212bff5b,6dbbbdf6-4589-11e9-95a2-b469212bff5b,aec3759a-5a15-11e9-9505-b469212bff5b,6dbbbdf5-4589-11e9-82b2-b469212bff5b,2019-04-11 05:53:16.965482,2019-04-11 06:28:12.131240,0.024249603680555558,5237914.395963831
6f1aed5a-458f-11e9-861a-b469212bff5b,6dbbbdf6-4589-11e9-95a2-b469212bff5b,aec3c3c0-5a15-11e9-85f1-b469212bff5b,6dbbbdf5-4589-11e9-82b2-b469212bff5b,2019-04-11 06:28:12.131240,2019-04-11 07:23:45.464574,0.038580246921296295,16666666.666666668
6f1aed5a-458f-11e9-861a-b469212bff5b,6dbbbdf6-4589-11e9-95a2-b469212bff5b,aec411de-5a15-11e9-a081-b469212bff5b,6dbbbdf4-4589-11e9-a501-b469212bff5b,2019-04-11 07:23:45.464574,2019-04-11 07:55:11.113756,0.021824643310185188,4714122.956367448
6f1aed5a-458f-11e9-861a-b469212bff5b,6dbbbdf6-4589-11e9-95a2-b469212bff5b,aec2d95c-5a15-11e9-b03b-b469212bff5b,6dbbbdf4-4589-11e9-a501-b469212bff5b,2019-04-11 07:55:11.113756,2019-04-11 08:50:44.447089,0.03858024690972222,16666666.666666668
6f1aed5a-458f-11e9-861a-b469212bff5b,6dbbbdf6-4589-11e9-95a2-b469212bff5b,aec3759a-5a15-11e9-9505-b469212bff5b,6dbbbdf5-4589-11e9-82b2-b469212bff5b,2019-04-11 08:50:44.447089,2019-04-11 09:25:39.612848,0.024249603692129633,5237914.395963831
6f1aed5a-458f-11e9-861a-b469212bff5b,6dbbbdf6-4589-11e9-95a2-b469212bff5b,aec3c3c0-5a15-11e9-85f1-b469212bff5b,6dbbbdf5-4589-11e9-82b2-b469212bff5b,2019-04-11 09:25:39.612848,2019-04-11 10:21:12.946181,0.03858024690972222,16666666.666666668
6f1aed5a-458f-11e9-861a-b469212bff5b,6dbbbdf6-4589-11e9-95a2-b469212bff5b,aec411de-5a15-11e9-a081-b469212bff5b,6dbbbdf4-4589-11e9-a501-b469212bff5b,2019-04-11 10:21:12.946181,2019-04-11 10:52:38.595364,0.02182464332175926,4714122.956367448
6f1aed5a-458f-11e9-861a-b469212bff5b,6dbbbdf6-4589-11e9-95a2-b469212bff5b,aec2d95c-5a15-11e9-b03b-b469212bff5b,6dbbbdf4-4589-11e9-a501-b469212bff5b,2019-04-11 10:52:38.595364,2019-04-11 11:48:11.928697,0.03858024690972222,16666666.666666668
6f1aed5a-458f-11e9-861a-b469212bff5b,6dbbbdf6-4589-11e9-95a2-b469212bff5b,aec3759a-5a15-11e9-9505-b469212bff5b,6dbbbdf5-4589-11e9-82b2-b469212bff5b,2019-04-11 11:48:11.928697,2019-04-11 12:23:07.094455,0.024249603680555558,5237914.395963831
6f1aed5a-458f-11e9-861a-b469212bff5b,6dbbbdf6-4589-11e9-95a2-b469212bff5b,aec3c3c0-5a15-11e9-85f1-b469212bff5b,6dbbbdf5-4589-11e9-82b2-b469212bff5b,2019-04-11 12:23:07.094455,2019-04-11 13:18:40.427788,0.03858024690972222,16666666.666666668
6f1aed5a-458f-11e9-861a-b469212bff5b,6dbbbdf6-4589-11e9-95a2-b469212bff5b,aec411de-5a15-11e9-a081-b469212bff5b,6dbbbdf4-4589-11e9-a501-b469212bff5b,2019-04-11 13:18:40.427788,2019-04-11 13:50:06.076971,0.02182464332175926,4714122.956367448
6f1aed5a-458f-11e9-861a-b469212bff5b,6dbbbdf6-4589-11e9-95a2-b469212bff5b,aec2d95c-5a15-11e9-b03b-b469212bff5b,6dbbbdf4-4589-11e9-a501-b469212bff5b,2019-04-11 13:50:06.076971,2019-04-11 14:45:39.410304,0.03858024690972222,16666666.666666668
6f1aed5a-458f-11e9-861a-b469212bff5b,6dbbbdf6-4589-11e9-95a2-b469212bff5b,aec3759a-5a15-11e9-9505-b469212bff5b,6dbbbdf5-4589-11e9-82b2-b469212bff5b,2019-04-11 14:45:39.410304,2019-04-11 15:20:34.576063,0.024249603692129633,5237914.395963831
6f1aed5a-458f-11e9-861a-b469212bff5b,6dbbbdf6-4589-11e9-95a2-b469212bff5b,aec3c3c0-5a15-11e9-85f1-b469212bff5b,6dbbbdf5-4589-11e9-82b2-b469212bff5b,2019-04-11 15:20:34.576063,2019-04-11 16:16:07.909396,0.03858024690972222,16666666.666666668
6f1aed5a-458f-11e9-861a-b469212bff5b,6dbbbdf6-4589-11e9-95a2-b469212bff5b,aec411de-5a15-11e9-a081-b469212bff5b,6dbbbdf4-4589-11e9-a501-b469212bff5b,2019-04-11 16:16:07.909396,2019-04-11 16:47:33.558578,0.021824643310185188,4714122.956367448
6f1aed5a-458f-11e9-861a-b469212bff5b,6dbbbdf6-4589-11e9-95a2-b469212bff5b,aec2d95c-5a15-11e9-b03b-b469212bff5b,6dbbbdf4-4589-11e9-a501-b469212bff5b,2019-04-11 16:47:33.558578,2019-04-11 17:43:06.891912,0.038580246921296295,16666666.666666668
6f1aed5a-458f-11e9-861a-b469212bff5b,6dbbbdf6-4589-11e9-95a2-b469212bff5b,aec3759a-5a15-11e9-9505-b469212bff5b,6dbbbdf5-4589-11e9-82b2-b469212bff5b,2019-04-11 17:43:06.891912,2019-04-11 18:18:02.057670,0.024249603680555558,5237914.395963831
6f1aed5a-458f-11e9-861a-b469212bff5b,6dbbbdf6-4589-11e9-95a2-b469212bff5b,aec3c3c0-5a15-11e9-85f1-b469212bff5b,6dbbbdf5-4589-11e9-82b2-b469212bff5b,2019-04-11 18:18:02.057670,2019-04-11 19:13:35.391003,0.03858024690972222,16666666.666666668
6f1aed5a-458f-11e9-861a-b469212bff5b,6dbbbdf6-4589-11e9-95a2-b469212bff5b,aec411de-5a15-11e9-a081-b469212bff5b,6dbbbdf4-4589-11e9-a501-b469212bff5b,2019-04-11 19:13:35.391003,2019-04-11 19:45:01.040186,0.02182464332175926,4714122.956367448
6f1aed5a-458f-11e9-861a-b469212bff5b,6dbbbdf6-4589-11e9-95a2-b469212bff5b,aec2d95c-5a15-11e9-b03b-b469212bff5b,6dbbbdf4-4589-11e9-a501-b469212bff5b,2019-04-11 19:45:01.040186,2019-04-11 20:40:34.373519,0.03858024690972222,16666666.666666668
6f1aed5a-458f-11e9-861a-b469212bff5b,6dbbbdf6-4589-11e9-95a2-b469212bff5b,aec3759a-5a15-11e9-9505-b469212bff5b,6dbbbdf5-4589-11e9-82b2-b469212bff5b,2019-04-11 20:40:34.373519,2019-04-11 21:15:29.539278,0.024249603692129633,5237914.395963831
6f1aed5a-458f-11e9-861a-b469212bff5b,6dbbbdf6-4589-11e9-95a2-b469212bff5b,aec3c3c0-5a15-11e9-85f1-b469212bff5b,6dbbbdf5-4589-11e9-82b2-b469212bff5b,2019-04-11 21:15:29.539278,2019-04-11 22:11:02.872611,0.03858024690972222,16666666.666666668
6f1aed5a-458f-11e9-861a-b469212bff5b,6dbbbdf6-4589-11e9-95a2-b469212bff5b,aec411de-5a15-11e9-a081-b469212bff5b,6dbbbdf4-4589-11e9-a501-b469212bff5b,2019-04-11 22:11:02.872611,2019-04-11 22:42:28.521793,0.021824643310185188,4714122.956367448
6f1aed5a-458f-11e9-861a-b469212bff5b,6dbbbdf6-4589-11e9-95a2-b469212bff5b,aec2d95c-5a15-11e9-b03b-b469212bff5b,6dbbbdf4-4589-11e9-a501-b469212bff5b,2019-04-11 22:42:28.521793,2019-04-11 23:38:01.855127,0.038580246921296295,16666666.666666668
6f1aed5a-458f-11e9-861a-b469212bff5b,6dbbbdf6-4589-11e9-95a2-b469212bff5b,aec3759a-5a15-11e9-9505-b469212bff5b,6dbbbdf5-4589-11e9-82b2-b469212bff5b,2019-04-11 23:38:01.855127,2019-04-12 00:12:57.020885,0.024249603680555558,5237914.395963831
6f1aed5a-458f-11e9-861a-b469212bff5b,6dbbbdf6-4589-11e9-95a2-b469212bff5b,aec3c3c0-5a15-11e9-85f1-b469212bff5b,6dbbbdf5-4589-11e9-82b2-b469212bff5b,2019-04-12 00:12:57.020885,2019-04-12 01:08:30.354218,0.03858024690972222,16666666.666666668
6f1aed5a-458f-11e9-861a-b469212bff5b,6dbbbdf6-4589-11e9-95a2-b469212bff5b,aec411de-5a15-11e9-a081-b469212bff5b,6dbbbdf4-4589-11e9-a501-b469212bff5b,2019-04-12 01:08:30.354218,2019-04-12 01:39:56.003401,0.02182464332175926,4714122.956367448
6f1aed5a-458f-11e9-861a-b469212bff5b,6dbbbdf6-4589-11e9-95a2-b469212bff5b,aec2d95c-5a15-11e9-b03b-b469212bff5b,6dbbbdf4-4589-11e9-a501-b469212bff5b,2019-04-12 01:39:56.003401,2019-04-12 02:35:29.336734,0.03858024690972222,16666666.666666668
6f1aed5a-458f-11e9-861a-b469212bff5b,6dbbbdf6-4589-11e9-95a2-b469212bff5b,aec3759a-5a15-11e9-9505-b469212bff5b,6dbbbdf5-4589-11e9-82b2-b469212bff5b,2019-04-12 02:35:29.336734,2019-04-12 03:10:24.502492,0.024249603680555558,5237914.395963831
6f1aed5a-458f-11e9-861a-b469212bff5b,6dbbbdf6-4589-11e9-95a2-b469212bff5b,aec3c3c0-5a15-11e9-85f1-b469212bff5b,6dbbbdf5-4589-11e9-82b2-b469212bff5b,2019-04-12 03:10:24.502492,2019-04-12 04:05:57.835826,0.038580246921296295,16666666.666666668
6f1aed5a-458f-11e9-861a-b469212bff5b,6dbbbdf6-4589-11e9-95a2-b469212bff5b,aec411de-5a15-11e9-a081-b469212bff5b,6dbbbdf4-4589-11e9-a501-b469212bff5b,2019-04-12 04:05:57.835826,2019-04-12 04:37:23.485008,0.021824643310185188,4714122.956367448
6f1aed5a-458f-11e9-861a-b469212bff5b,6dbbbdf6-4589-11e9-95a2-b469212bff5b,aec2d95c-5a15-11e9-b03b-b469212bff5b,6dbbbdf4-4589-11e9-a501-b469212bff5b,2019-04-12 04:37:23.485008,2019-04-12 05:32:56.818341,0.03858024690972222,16666666.666666668
6f1aed5a-458f-11e9-861a-b469212bff5b,6dbbbdf6-4589-11e9-95a2-b469212bff5b,aec3759a-5a15-11e9-9505-b469212bff5b,6dbbbdf5-4589-11e9-82b2-b469212bff5b,2019-04-12 05:32:56.818341,2019-04-12 06:07:51.984100,0.024249603692129633,5237914.395963831
6f1aed5a-458f-11e9-861a-b469212bff5b,6dbbbdf6-4589-11e9-95a2-b469212bff5b,aec3c3c0-5a15-11e9-85f1-b469212bff5b,6dbbbdf5-4589-11e9-82b2-b469212bff5b,2019-04-12 06:07:51.984100,2019-04-12 07:03:25.317433,0.03858024690972222,16666666.666666668
6f1aed5a-458f-11e9-861a-b469212bff5b,6dbbbdf6-4589-11e9-95a2-b469212bff5b,aec411de-5a15-11e9-a081-b469212bff5b,6dbbbdf4-4589-11e9-a501-b469212bff5b,2019-04-12 07:03:25.317433,2019-04-12 07:34:50.966616,0.02182464332175926,4714122.956367448
6f1aed5a-458f-11e9-861a-b469212bff5b,6dbbbdf6-4589-11e9-95a2-b469212bff5b,aec2d95c-5a15-11e9-b03b-b469212bff5b,6dbbbdf4-4589-11e9-a501-b469212bff5b,2019-04-12 07:34:50.966616,2019-04-12 08:30:24.299949,0.03858024690972222,16666666.666666668
6f1aed5a-458f-11e9-861a-b469212bff5b,6dbbbdf6-4589-11e9-95a2-b469212bff5b,aec3759a-5a15-11e9-9505-b469212bff5b,6dbbbdf5-4589-11e9-82b2-b469212bff5b,2019-04-12 08:30:24.299949,2019-04-12 09:05:19.465707,0.024249603680555558,5237914.395963831
6f1aed5a-458f-11e9-861a-b469212bff5b,6dbbbdf6-4589-11e9-95a2-b469212bff5b,aec3c3c0-5a15-11e9-85f1-b469212bff5b,6dbbbdf5-4589-11e9-82b2-b469212bff5b,2019-04-12 09:05:19.465707,2019-04-12 10:00:52.799041,0.038580246921296295,16666666.666666668
6f1aed5a-458f-11e9-861a-b469212bff5b,6dbbbdf6-4589-11e9-95a2-b469212bff5b,aec411de-5a15-11e9-a081-b469212bff5b,6dbbbdf4-4589-11e9-a501-b469212bff5b,2019-04-12 10:00:52.799041,2019-04-12 10:32:18.448223,0.021824643310185188,4714122.956367448
6f1aed5a-458f-11e9-861a-b469212bff5b,6dbbbdf6-4589-11e9-95a2-b469212bff5b,aec2d95c-5a15-11e9-b03b-b469212bff5b,6dbbbdf4-4589-11e9-a501-b469212bff5b,2019-04-12 10:32:18.448223,2019-04-12 11:27:51.781556,0.03858024690972222,16666666.666666668
6f1aed5a-458f-11e9-861a-b469212bff5b,6dbbbdf6-4589-11e9-95a2-b469212bff5b,aec3759a-5a15-11e9-9505-b469212bff5b,6dbbbdf5-4589-11e9-82b2-b469212bff5b,2019-04-12 11:27:51.781556,2019-04-12 12:02:46.947315,0.024249603692129633,5237914.395963831
6f1aed5a-458f-11e9-861a-b469212bff5b,6dbbbdf6-4589-11e9-95a2-b469212bff5b,aec3c3c0-5a15-11e9-85f1-b469212bff5b,6dbbbdf5-4589-11e9-82b2-b469212bff5b,2019-04-12 12:02:46.947315,2019-04-12 12:58:20.280648,0.03858024690972222,16666666.666666668
6f1aed5a-458f-11e9-861a-b469212bff5b,6dbbbdf6-4589-11e9-95a2-b469212bff5b,aec411de-5a15-11e9-a081-b469212bff5b,6dbbbdf4-4589-11e9-a501-b469212bff5b,2019-04-12 12:58:20.280648,2019-04-12 13:29:45.929831,0.02182464332175926,4714122.956367448
6f1aed5a-458f-11e9-861a-b469212bff5b,6dbbbdf6-4589-11e9-95a2-b469212bff5b,aec2d95c-5a15-11e9-b03b-b469212bff5b,6dbbbdf4-4589-11e9-a501-b469212bff5b,2019-04-12 13:29:45.929831,2019-04-12 14:25:19.263164,0.03858024690972222,16666666.666666668
6f1aed5a-458f-11e9-861a-b469212bff5b,6dbbbdf6-4589-11e9-95a2-b469212bff5b,aec3759a-5a15-11e9-9505-b469212bff5b,6dbbbdf5-4589-11e9-82b2-b469212bff5b,2019-04-12 14:25:19.263164,2019-04-12 15:00:14.428922,0.024249603680555558,5237914.395963831
6f1aed5a-458f-11e9-861a-b469212bff5b,6dbbbdf6-4589-11e9-95a2-b469212bff5b,aec3c3c0-5a15-11e9-85f1-b469212bff5b,6dbbbdf5-4589-11e9-82b2-b469212bff5b,2019-04-12 15:00:14.428922,2019-04-12 15:55:47.762255,0.03858024690972222,16666666.666666668
6f1aed5a-458f-11e9-861a-b469212bff5b,6dbbbdf6-4589-11e9-95a2-b469212bff5b,aec411de-5a15-11e9-a081-b469212bff5b,6dbbbdf4-4589-11e9-a501-b469212bff5b,2019-04-12 15:55:47.762255,2019-04-12 16:27:13.411438,0.02182464332175926,4714122.956367448
6f1aed5a-458f-11e9-861a-b469212bff5b,6dbbbdf6-4589-11e9-95a2-b469212bff5b,aec2d95c-5a15-11e9-b03b-b469212bff5b,6dbbbdf4-4589-11e9-a501-b469212bff5b,2019-04-12 16:27:13.411438,2019-04-12 17:22:46.744771,0.03858024690972222,16666666.666666668
6f1aed5a-458f-11e9-861a-b469212bff5b,6dbbbdf6-4589-11e9-95a2-b469212bff5b,aec3759a-5a15-11e9-9505-b469212bff5b,6dbbbdf5-4589-11e9-82b2-b469212bff5b,2019-04-12 17:22:46.744771,2019-04-12 17:57:41.910530,0.024249603692129633,5237914.395963831
6f1aed5a-458f-11e9-861a-b469212bff5b,6dbbbdf6-4589-11e9-95a2-b469212bff5b,aec3c3c0-5a15-11e9-85f1-b469212bff5b,6dbbbdf5-4589-11e9-82b2-b469212bff5b,2019-04-12 17:57:41.910530,2019-04-12 18:53:15.243863,0.03858024690972222,16666666.666666668
6f1aed5a-458f-11e9-861a-b469212bff5b,6dbbbdf6-4589-11e9-95a2-b469212bff5b,aec411de-5a15-11e9-a081-b469212bff5b,6dbbbdf4-4589-11e9-a501-b469212bff5b,2019-04-12 18:53:15.243863,2019-04-12 19:24:40.893045,0.021824643310185188,4714122.956367448
6f1aed5a-458f-11e9-861a-b469212bff5b,6dbbbdf6-4589-11e9-95a2-b469212bff5b,aec2d95c-5a15-11e9-b03b-b469212bff5b,6dbbbdf4-4589-11e9-a501-b469212bff5b,2019-04-12 19:24:40.893045,2019-04-12 20:20:14.226379,0.038580246921296295,16666666.666666668
6f1aed5a-458f-11e9-861a-b469212bff5b,6dbbbdf6-4589-11e9-95a2-b469212bff5b,aec3759a-5a15-11e9-9505-b469212bff5b,6dbbbdf5-4589-11e9-82b2-b469212bff5b,2019-04-12 20:20:14.226379,2019-04-12 20:55:09.392137,0.024249603680555558,5237914.395963831
6f1aed5a-458f-11e9-861a-b469212bff5b,6dbbbdf6-4589-11e9-95a2-b469212bff5b,aec3c3c0-5a15-11e9-85f1-b469212bff5b,6dbbbdf5-4589-11e9-82b2-b469212bff5b,2019-04-12 20:55:09.392137,2019-04-12 21:50:42.725470,0.03858024690972222,16666666.666666668
6f1aed5a-458f-11e9-861a-b469212bff5b,6dbbbdf6-4589-11e9-95a2-b469212bff5b,aec411de-5a15-11e9-a081-b469212bff5b,6dbbbdf4-4589-11e9-a501-b469212bff5b,2019-04-12 21:50:42.725470,2019-04-12 22:22:08.374653,0.02182464332175926,4714122.956367448
6f1aed5a-458f-11e9-861a-b469212bff5b,6dbbbdf6-4589-11e9-95a2-b469212bff5b,aec2d95c-5a15-11e9-b03b-b469212bff5b,6dbbbdf4-4589-11e9-a501-b469212bff5b,2019-04-12 22:22:08.374653,2019-04-12 23:17:41.707986,0.03858024690972222,16666666.666666668
6f1aed5a-458f-11e9-861a-b469212bff5b,6dbbbdf6-4589-11e9-95a2-b469212bff5b,aec3759a-5a15-11e9-9505-b469212bff5b,6dbbbdf5-4589-11e9-82b2-b469212bff5b,2019-04-12 23:17:41.707986,2019-04-12 23:52:36.873744,0.024249603680555558,5237914.395963831
6f1aed5a-458f-11e9-861a-b469212bff5b,6dbbbdf6-4589-11e9-95a2-b469212bff5b,aec3c3c0-5a15-11e9-85f1-b469212bff5b,6dbbbdf5-4589-11e9-82b2-b469212bff5b,2019-04-12 23:52:36.873744,2019-04-13 00:48:10.207078,0.038580246921296295,16666666.666666668
6f1aed5a-458f-11e9-861a-b469212bff5b,6dbbbdf6-4589-11e9-95a2-b469212bff5b,aec411de-5a15-11e9-a081-b469212bff5b,6dbbbdf4-4589-11e9-a501-b469212bff5b,2019-04-13 00:48:10.207078,2019-04-13 01:19:35.856260,0.021824643310185188,4714122.956367448
6f1aed5a-458f-11e9-861a-b469212bff5b,6dbbbdf6-4589-11e9-95a2-b469212bff5b,aec2d95c-5a15-11e9-b03b-b469212bff5b,6dbbbdf4-4589-11e9-a501-b469212bff5b,2019-04-13 01:19:35.856260,2019-04-13 02:15:09.189594,0.038580246921296295,16666666.666666668
6f1aed5a-458f-11e9-861a-b469212bff5b,6dbbbdf6-4589-11e9-95a2-b469212bff5b,aec3759a-5a15-11e9-9505-b469212bff5b,6dbbbdf5-4589-11e9-82b2-b469212bff5b,2019-04-13 02:15:09.189594,2019-04-13 02:50:04.355352,0.024249603680555558,5237914.395963831
6f1aed5a-458f-11e9-861a-b469212bff5b,6dbbbdf6-4589-11e9-95a2-b469212bff5b,aec3c3c0-5a15-11e9-85f1-b469212bff5b,6dbbbdf5-4589-11e9-82b2-b469212bff5b,2019-04-13 02:50:04.355352,2019-04-13 03:45:37.688685,0.03858024690972222,16666666.666666668
6f1aed5a-458f-11e9-861a-b469212bff5b,6dbbbdf6-4589-11e9-95a2-b469212bff5b,aec411de-5a15-11e9-a081-b469212bff5b,6dbbbdf4-4589-11e9-a501-b469212bff5b,2019-04-13 03:45:37.688685,2019-04-13 04:17:03.337868,0.02182464332175926,4714122.956367448
6f1aed5a-458f-11e9-861a-b469212bff5b,6dbbbdf6-4589-11e9-95a2-b469212bff5b,aec2d95c-5a15-11e9-b03b-b469212bff5b,6dbbbdf4-4589-11e9-a501-b469212bff5b,2019-04-13 04:17:03.337868,2019-04-13 05:12:36.671201,0.03858024690972222,16666666.666666668
6f1aed5a-458f-11e9-861a-b469212bff5b,6dbbbdf6-4589-11e9-95a2-b469212bff5b,aec3759a-5a15-11e9-9505-b469212bff5b,6dbbbdf5-4589-11e9-82b2-b469212bff5b,2019-04-13 05:12:36.671201,2019-04-13 05:47:31.836959,0.024249603680555558,5237914.395963831
6f1aed5a-458f-11e9-861a-b469212bff5b,6dbbbdf6-4589-11e9-95a2-b469212bff5b,aec3c3c0-5a15-11e9-85f1-b469212bff5b,6dbbbdf5-4589-11e9-82b2-b469212bff5b,2019-04-13 05:47:31.836959,2019-04-13 06:43:05.170293,0.038580246921296295,16666666.666666668
6f1aed5a-458f-11e9-861a-b469212bff5b,6dbbbdf6-4589-11e9-95a2-b469212bff5b,aec411de-5a15-11e9-a081-b469212bff5b,6dbbbdf4-4589-11e9-a501-b469212bff5b,2019-04-13 06:43:05.170293,2019-04-13 07:14:30.819475,0.021824643310185188,4714122.956367448
6f1aed5a-458f-11e9-861a-b469212bff5b,6dbbbdf6-4589-11e9-95a2-b469212bff5b,aec2d95c-5a15-11e9-b03b-b469212bff5b,6dbbbdf4-4589-11e9-a501-b469212bff5b,2019-04-13 07:14:30.819475,2019-04-13 08:10:04.152808,0.03858024690972222,16666666.666666668
6f1aed5a-458f-11e9-861a-b469212bff5b,6dbbbdf6-4589-11e9-95a2-b469212bff5b,aec3759a-5a15-11e9-9505-b469212bff5b,6dbbbdf5-4589-11e9-82b2-b469212bff5b,2019-04-13 08:10:04.152808,2019-04-13 08:44:59.318567,0.024249603692129633,5237914.395963831
6f1aed5a-458f-11e9-861a-b469212bff5b,6dbbbdf6-4589-11e9-95a2-b469212bff5b,aec3c3c0-5a15-11e9-85f1-b469212bff5b,6dbbbdf5-4589-11e9-82b2-b469212bff5b,2019-04-13 08:44:59.318567,2019-04-13 09:40:32.651900,0.03858024690972222,16666666.666666668
6f1aed5a-458f-11e9-861a-b469212bff5b,6dbbbdf6-4589-11e9-95a2-b469212bff5b,aec411de-5a15-11e9-a081-b469212bff5b,6dbbbdf4-4589-11e9-a501-b469212bff5b,2019-04-13 09:40:32.651900,2019-04-13 10:11:58.301083,0.02182464332175926,4714122.956367448
6f1aed5a-458f-11e9-861a-b469212bff5b,6dbbbdf6-4589-11e9-95a2-b469212bff5b,aec2d95c-5a15-11e9-b03b-b469212bff5b,6dbbbdf4-4589-11e9-a501-b469212bff5b,2019-04-13 10:11:58.301083,2019-04-13 11:07:31.634416,0.03858024690972222,16666666.666666668
6f1aed5a-458f-11e9-861a-b469212bff5b,6dbbbdf6-4589-11e9-95a2-b469212bff5b,aec3759a-5a15-11e9-9505-b469212bff5b,6dbbbdf5-4589-11e9-82b2-b469212bff5b,2019-04-13 11:07:31.634416,2019-04-13 11:42:26.800174,0.024249603680555558,5237914.395963831
6f1aed5a-458f-11e9-861a-b469212bff5b,6dbbbdf6-4589-11e9-95a2-b469212bff5b,aec3c3c0-5a15-11e9-85f1-b469212bff5b,6dbbbdf5-4589-11e9-82b2-b469212bff5b,2019-04-13 11:42:26.800174,2019-04-13 12:38:00.133507,0.03858024690972222,16666666.666666668
6f1aed5a-458f-11e9-861a-b469212bff5b,6dbbbdf6-4589-11e9-95a2-b469212bff5b,aec411de-5a15-11e9-a081-b469212bff5b,6dbbbdf4-4589-11e9-a501-b469212bff5b,2019-04-13 12:38:00.133507,2019-04-13 13:09:25.782690,0.02182464332175926,4714122.956367448
6f1aed5a-458f-11e9-861a-b469212bff5b,6dbbbdf6-4589-11e9-95a2-b469212bff5b,aec2d95c-5a15-11e9-b03b-b469212bff5b,6dbbbdf4-4589-11e9-a501-b469212bff5b,2019-04-13 13:09:25.782690,2019-04-13 14:04:59.116023,0.03858024690972222,16666666.666666668
6f1aed5a-458f-11e9-861a-b469212bff5b,6dbbbdf6-4589-11e9-95a2-b469212bff5b,aec3759a-5a15-11e9-9505-b469212bff5b,6dbbbdf5-4589-11e9-82b2-b469212bff5b,2019-04-13 14:04:59.116023,2019-04-13 14:39:54.281782,0.024249603692129633,5237914.395963831
6f1aed5a-458f-11e9-861a-b469212bff5b,6dbbbdf6-4589-11e9-95a2-b469212bff5b,aec3c3c0-5a15-11e9-85f1-b469212bff5b,6dbbbdf5-4589-11e9-82b2-b469212bff5b,2019-04-13 14:39:54.281782,2019-04-13 15:35:27.615115,0.03858024690972222,16666666.666666668
6f1aed5a-458f-11e9-861a-b469212bff5b,6dbbbdf6-4589-11e9-95a2-b469212bff5b,aec411de-5a15-11e9-a081-b469212bff5b,6dbbbdf4-4589-11e9-a501-b469212bff5b,2019-04-13 15:35:27.615115,2019-04-13 16:06:53.264297,0.021824643310185188,4714122.956367448
6f1aed5a-458f-11e9-861a-b469212bff5b,6dbbbdf6-4589-11e9-95a2-b469212bff5b,aec2d95c-5a15-11e9-b03b-b469212bff5b,6dbbbdf4-4589-11e9-a501-b469212bff5b,2019-04-13 16:06:53.264297,2019-04-13 17:02:26.597631,0.038580246921296295,16666666.666666668
6f1aed5a-458f-11e9-861a-b469212bff5b,6dbbbdf6-4589-11e9-95a2-b469212bff5b,aec3759a-5a15-11e9-9505-b469212bff5b,6dbbbdf5-4589-11e9-82b2-b469212bff5b,2019-04-13 17:02:26.597631,2019-04-13 17:37:21.763389,0.024249603680555558,5237914.395963831
6f1aed5a-458f-11e9-861a-b469212bff5b,6dbbbdf6-4589-11e9-95a2-b469212bff5b,aec3c3c0-5a15-11e9-85f1-b469212bff5b,6dbbbdf5-4589-11e9-82b2-b469212bff5b,2019-04-13 17:37:21.763389,2019-04-13 18:32:55.096722,0.03858024690972222,16666666.666666668
6f1aed5a-458f-11e9-861a-b469212bff5b,6dbbbdf6-4589-11e9-95a2-b469212bff5b,aec411de-5a15-11e9-a081-b469212bff5b,6dbbbdf4-4589-11e9-a501-b469212bff5b,2019-04-13 18:32:55.096722,2019-04-13 19:04:20.745905,0.02182464332175926,4714122.956367448
6f1aed5a-458f-11e9-861a-b469212bff5b,6dbbbdf6-4589-11e9-95a2-b469212bff5b,aec2d95c-5a15-11e9-b03b-b469212bff5b,6dbbbdf4-4589-11e9-a501-b469212bff5b,2019-04-13 19:04:20.745905,2019-04-13 19:59:54.079238,0.03858024690972222,16666666.666666668
6f1aed5a-458f-11e9-861a-b469212bff5b,6dbbbdf6-4589-11e9-95a2-b469212bff5b,aec3759a-5a15-11e9-9505-b469212bff5b,6dbbbdf5-4589-11e9-82b2-b469212bff5b,2019-04-13 19:59:54.079238,2019-04-13 20:34:49.244997,0.024249603692129633,5237914.395963831
6f1aed5a-458f-11e9-861a-b469212bff5b,6dbbbdf6-4589-11e9-95a2-b469212bff5b,aec3c3c0-5a15-11e9-85f1-b469212bff5b,6dbbbdf5-4589-11e9-82b2-b469212bff5b,2019-04-13 20:34:49.244997,2019-04-13 21:30:22.578330,0.03858024690972222,16666666.666666668
6f1aed5a-458f-11e9-861a-b469212bff5b,6dbbbdf6-4589-11e9-95a2-b469212bff5b,aec411de-5a15-11e9-a081-b469212bff5b,6dbbbdf4-4589-11e9-a501-b469212bff5b,2019-04-13 21:30:22.578330,2019-04-13 22:01:48.227512,0.021824643310185188,4714122.956367448
6f1aed5a-458f-11e9-861a-b469212bff5b,6dbbbdf6-4589-11e9-95a2-b469212bff5b,aec2d95c-5a15-11e9-b03b-b469212bff5b,6dbbbdf4-4589-11e9-a501-b469212bff5b,2019-04-13 22:01:48.227512,2019-04-13 22:57:21.560846,0.038580246921296295,16666666.666666668
6f1aed5a-458f-11e9-861a-b469212bff5b,6dbbbdf6-4589-11e9-95a2-b469212bff5b,aec3759a-5a15-11e9-9505-b469212bff5b,6dbbbdf5-4589-11e9-82b2-b469212bff5b,2019-04-13 22:57:21.560846,2019-04-13 23:32:16.726604,0.024249603680555558,5237914.395963831
6f1aed5a-458f-11e9-861a-b469212bff5b,6dbbbdf6-4589-11e9-95a2-b469212bff5b,aec3c3c0-5a15-11e9-85f1-b469212bff5b,6dbbbdf5-4589-11e9-82b2-b469212bff5b,2019-04-13 23:32:16.726604,2019-04-14 00:27:50.059937,0.03858024690972222,16666666.666666668
6f1aed5a-458f-11e9-861a-b469212bff5b,6dbbbdf6-4589-11e9-95a2-b469212bff5b,aec411de-5a15-11e9-a081-b469212bff5b,6dbbbdf4-4589-11e9-a501-b469212bff5b,2019-04-14 00:27:50.059937,2019-04-14 00:59:15.709120,0.02182464332175926,4714122.956367448
6f1aed5a-458f-11e9-861a-b469212bff5b,6dbbbdf6-4589-11e9-95a2-b469212bff5b,aec2d95c-5a15-11e9-b03b-b469212bff5b,6dbbbdf4-4589-11e9-a501-b469212bff5b,2019-04-14 00:59:15.709120,2019-04-14 01:54:49.042453,0.03858024690972222,16666666.666666668
6f1aed5a-458f-11e9-861a-b469212bff5b,6dbbbdf6-4589-11e9-95a2-b469212bff5b,aec3759a-5a15-11e9-9505-b469212bff5b,6dbbbdf5-4589-11e9-82b2-b469212bff5b,2019-04-14 01:54:49.042453,2019-04-14 02:29:44.208211,0.024249603680555558,5237914.395963831
6f1aed5a-458f-11e9-861a-b469212bff5b,6dbbbdf6-4589-11e9-95a2-b469212bff5b,aec3c3c0-5a15-11e9-85f1-b469212bff5b,6dbbbdf5-4589-11e9-82b2-b469212bff5b,2019-04-14 02:29:44.208211,2019-04-14 03:25:17.541545,0.038580246921296295,16666666.666666668
6f1aed5a-458f-11e9-861a-b469212bff5b,6dbbbdf6-4589-11e9-95a2-b469212bff5b,aec411de-5a15-11e9-a081-b469212bff5b,6dbbbdf4-4589-11e9-a501-b469212bff5b,2019-04-14 03:25:17.541545,2019-04-14 03:56:43.190727,0.021824643310185188,4714122.956367448
6f1aed5a-458f-11e9-861a-b469212bff5b,6dbbbdf6-4589-11e9-95a2-b469212bff5b,aec2d95c-5a15-11e9-b03b-b469212bff5b,6dbbbdf4-4589-11e9-a501-b469212bff5b,2019-04-14 03:56:43.190727,2019-04-14 04:52:16.524060,0.03858024690972222,16666666.666666668
6f1aed5a-458f-11e9-861a-b469212bff5b,6dbbbdf6-4589-11e9-95a2-b469212bff5b,aec3759a-5a15-11e9-9505-b469212bff5b,6dbbbdf5-4589-11e9-82b2-b469212bff5b,2019-04-14 04:52:16.524060,2019-04-14 05:27:11.689819,0.024249603692129633,5237914.395963831
6f1aed5a-458f-11e9-861a-b469212bff5b,6dbbbdf6-4589-11e9-95a2-b469212bff5b,aec3c3c0-5a15-11e9-85f1-b469212bff5b,6dbbbdf5-4589-11e9-82b2-b469212bff5b,2019-04-14 05:27:11.689819,2019-04-14 06:22:45.023152,0.03858024690972222,16666666.666666668
6f1aed5a-458f-11e9-861a-b469212bff5b,6dbbbdf6-4589-11e9-95a2-b469212bff5b,aec411de-5a15-11e9-a081-b469212bff5b,6dbbbdf4-4589-11e9-a501-b469212bff5b,2019-04-14 06:22:45.023152,2019-04-14 06:54:10.672335,0.02182464332175926,4714122.956367448
6f1aed5a-458f-11e9-861a-b469212bff5b,6dbbbdf6-4589-11e9-95a2-b469212bff5b,aec2d95c-5a15-11e9-b03b-b469212bff5b,6dbbbdf4-4589-11e9-a501-b469212bff5b,2019-04-14 06:54:10.672335,2019-04-14 07:49:44.005668,0.03858024690972222,16666666.666666668
6f1aed5a-458f-11e9-861a-b469212bff5b,6dbbbdf6-4589-11e9-95a2-b469212bff5b,aec3759a-5a15-11e9-9505-b469212bff5b,6dbbbdf5-4589-11e9-82b2-b469212bff5b,2019-04-14 07:49:44.005668,2019-04-14 08:24:39.171426,0.024249603680555558,5237914.395963831
6f1aed5a-458f-11e9-861a-b469212bff5b,6dbbbdf6-4589-11e9-95a2-b469212bff5b,aec3c3c0-5a15-11e9-85f1-b469212bff5b,6dbbbdf5-4589-11e9-82b2-b469212bff5b,2019-04-14 08:24:39.171426,2019-04-14 09:20:12.504760,0.038580246921296295,16666666.666666668
6f1aed5a-458f-11e9-861a-b469212bff5b,6dbbbdf6-4589-11e9-95a2-b469212bff5b,aec411de-5a15-11e9-a081-b469212bff5b,6dbbbdf4-4589-11e9-a501-b469212bff5b,2019-04-14 09:20:12.504760,2019-04-14 09:51:38.153942,0.021824643310185188,4714122.956367448
6f1aed5a-458f-11e9-861a-b469212bff5b,6dbbbdf6-4589-11e9-95a2-b469212bff5b,aec2d95c-5a15-11e9-b03b-b469212bff5b,6dbbbdf4-4589-11e9-a501-b469212bff5b,2019-04-14 09:51:38.153942,2019-04-14 10:47:11.487275,0.03858024690972222,16666666.666666668
6f1aed5a-458f-11e9-861a-b469212bff5b,6dbbbdf6-4589-11e9-95a2-b469212bff5b,aec3759a-5a15-11e9-9505-b469212bff5b,6dbbbdf5-4589-11e9-82b2-b469212bff5b,2019-04-14 10:47:11.487275,2019-04-14 11:22:06.653034,0.024249603692129633,5237914.395963831
6f1aed5a-458f-11e9-861a-b469212bff5b,6dbbbdf6-4589-11e9-95a2-b469212bff5b,aec3c3c0-5a15-11e9-85f1-b469212bff5b,6dbbbdf5-4589-11e9-82b2-b469212bff5b,2019-04-14 11:22:06.653034,2019-04-14 12:17:39.986367,0.03858024690972222,16666666.666666668
6f1aed5a-458f-11e9-861a-b469212bff5b,6dbbbdf6-4589-11e9-95a2-b469212bff5b,aec411de-5a15-11e9-a081-b469212bff5b,6dbbbdf4-4589-11e9-a501-b469212bff5b,2019-04-14 12:17:39.986367,2019-04-14 12:49:05.635550,0.02182464332175926,4714122.956367448
6f1aed5a-458f-11e9-861a-b469212bff5b,6dbbbdf6-4589-11e9-95a2-b469212bff5b,aec2d95c-5a15-11e9-b03b-b469212bff5b,6dbbbdf4-4589-11e9-a501-b469212bff5b,2019-04-14 12:49:05.635550,2019-04-14 13:44:38.968883,0.03858024690972222,16666666.666666668
6f1aed5a-458f-11e9-861a-b469212bff5b,6dbbbdf6-4589-11e9-95a2-b469212bff5b,aec3759a-5a15-11e9-9505-b469212bff5b,6dbbbdf5-4589-11e9-82b2-b469212bff5b,2019-04-14 13:44:38.968883,2019-04-14 14:19:34.134641,0.024249603680555558,5237914.395963831
6f1aed5a-458f-11e9-861a-b469212bff5b,6dbbbdf6-4589-11e9-95a2-b469212bff5b,aec3c3c0-5a15-11e9-85f1-b469212bff5b,6dbbbdf5-4589-11e9-82b2-b469212bff5b,2019-04-14 14:19:34.134641,2019-04-14 15:15:07.467974,0.03858024690972222,16666666.666666668
6f1aed5a-458f-11e9-861a-b469212bff5b,6dbbbdf6-4589-11e9-95a2-b469212bff5b,aec411de-5a15-11e9-a081-b469212bff5b,6dbbbdf4-4589-11e9-a501-b469212bff5b,2019-04-14 15:15:07.467974,2019-04-14 15:46:33.117157,0.02182464332175926,4714122.956367448
6f1aed5a-458f-11e9-861a-b469212bff5b,6dbbbdf6-4589-11e9-95a2-b469212bff5b,aec2d95c-5a15-11e9-b03b-b469212bff5b,6dbbbdf4-4589-11e9-a501-b469212bff5b,2019-04-14 15:46:33.117157,2019-04-14 16:42:06.450490,0.03858024690972222,16666666.666666668
6f1aed5a-458f-11e9-861a-b469212bff5b,6dbbbdf6-4589-11e9-95a2-b469212bff5b,aec3759a-5a15-11e9-9505-b469212bff5b,6dbbbdf5-4589-11e9-82b2-b469212bff5b,2019-04-14 16:42:06.450490,2019-04-14 17:17:01.616249,0.024249603692129633,5237914.395963831
6f1aed5a-458f-11e9-861a-b469212bff5b,6dbbbdf6-4589-11e9-95a2-b469212bff5b,aec3c3c0-5a15-11e9-85f1-b469212bff5b,6dbbbdf5-4589-11e9-82b2-b469212bff5b,2019-04-14 17:17:01.616249,2019-04-14 18:12:34.949582,0.03858024690972222,16666666.666666668
6f1aed5a-458f-11e9-861a-b469212bff5b,6dbbbdf6-4589-11e9-95a2-b469212bff5b,aec411de-5a15-11e9-a081-b469212bff5b,6dbbbdf4-4589-11e9-a501-b469212bff5b,2019-04-14 18:12:34.949582,2019-04-14 18:44:00.598764,0.021824643310185188,4714122.956367448
6f1aed5a-458f-11e9-861a-b469212bff5b,6dbbbdf6-4589-11e9-95a2-b469212bff5b,aec2d95c-5a15-11e9-b03b-b469212bff5b,6dbbbdf4-4589-11e9-a501-b469212bff5b,2019-04-14 18:44:00.598764,2019-04-14 19:39:33.932098,0.038580246921296295,16666666.666666668
6f1aed5a-458f-11e9-861a-b469212bff5b,6dbbbdf6-4589-11e9-95a2-b469212bff5b,aec3759a-5a15-11e9-9505-b469212bff5b,6dbbbdf5-4589-11e9-82b2-b469212bff5b,2019-04-14 19:39:33.932098,2019-04-14 20:14:29.097856,0.024249603680555558,5237914.395963831
6f1aed5a-458f-11e9-861a-b469212bff5b,6dbbbdf6-4589-11e9-95a2-b469212bff5b,aec3c3c0-5a15-11e9-85f1-b469212bff5b,6dbbbdf5-4589-11e9-82b2-b469212bff5b,2019-04-14 20:14:29.097856,2019-04-14 21:10:02.431189,0.03858024690972222,16666666.666666668
6f1aed5a-458f-11e9-861a-b469212bff5b,6dbbbdf6-4589-11e9-95a2-b469212bff5b,aec411de-5a15-11e9-a081-b469212bff5b,6dbbbdf4-4589-11e9-a501-b469212bff5b,2019-04-14 21:10:02.431189,2019-04-14 21:41:28.080372,0.02182464332175926,4714122.956367448
6f1aed5a-458f-11e9-861a-b469212bff5b,6dbbbdf6-4589-11e9-95a2-b469212bff5b,aec2d95c-5a15-11e9-b03b-b469212bff5b,6dbbbdf4-4589-11e9-a501-b469212bff5b,2019-04-14 21:41:28.080372,2019-04-14 22:37:01.413705,0.03858024690972222,16666666.666666668
6f1aed5a-458f-11e9-861a-b469212bff5b,6dbbbdf6-4589-11e9-95a2-b469212bff5b,aec3759a-5a15-11e9-9505-b469212bff5b,6dbbbdf5-4589-11e9-82b2-b469212bff5b,2019-04-14 22:37:01.413705,2019-04-14 23:11:56.579463,0.024249603680555558,5237914.395963831
6f1aed5a-458f-11e9-861a-b469212bff5b,6dbbbdf6-4589-11e9-95a2-b469212bff5b,aec3c3c0-5a15-11e9-85f1-b469212bff5b,6dbbbdf5-4589-11e9-82b2-b469212bff5b,2019-04-14 23:11:56.579463,2019-04-15 00:07:29.912797,0.038580246921296295,16666666.666666668
6f1aed5a-458f-11e9-861a-b469212bff5b,6dbbbdf6-4589-11e9-95a2-b469212bff5b,aec411de-5a15-11e9-a081-b469212bff5b,6dbbbdf4-4589-11e9-a501-b469212bff5b,2019-04-15 00:07:29.912797,2019-04-15 00:38:55.561979,0.021824643310185188,4714122.956367448
6f1aed5a-458f-11e9-861a-b469212bff5b,6dbbbdf6-4589-11e9-95a2-b469212bff5b,aec2d95c-5a15-11e9-b03b-b469212bff5b,6dbbbdf4-4589-11e9-a501-b469212bff5b,2019-04-15 00:38:55.561979,2019-04-15 01:34:28.895313,0.038580246921296295,16666666.666666668
6f1aed5a-458f-11e9-861a-b469212bff5b,6dbbbdf6-4589-11e9-95a2-b469212bff5b,aec3759a-5a15-11e9-9505-b469212bff5b,6dbbbdf5-4589-11e9-82b2-b469212bff5b,2019-04-15 01:34:28.895313,2019-04-15 02:09:24.061071,0.024249603680555558,5237914.395963831
6f1aed5a-458f-11e9-861a-b469212bff5b,6dbbbdf6-4589-11e9-95a2-b469212bff5b,aec3c3c0-5a15-11e9-85f1-b469212bff5b,6dbbbdf5-4589-11e9-82b2-b469212bff5b,2019-04-15 02:09:24.061071,2019-04-15 03:04:57.394404,0.03858024690972222,16666666.666666668
6f1aed5a-458f-11e9-861a-b469212bff5b,6dbbbdf6-4589-11e9-95a2-b469212bff5b,aec411de-5a15-11e9-a081-b469212bff5b,6dbbbdf4-4589-11e9-a501-b469212bff5b,2019-04-15 03:04:57.394404,2019-04-15 03:36:23.043587,0.02182464332175926,4714122.956367448
6f1aed5a-458f-11e9-861a-b469212bff5b,6dbbbdf6-4589-11e9-95a2-b469212bff5b,aec2d95c-5a15-11e9-b03b-b469212bff5b,6dbbbdf4-4589-11e9-a501-b469212bff5b,2019-04-15 03:36:23.043587,2019-04-15 04:31:56.376920,0.03858024690972222,16666666.666666668
6f1aed5a-458f-11e9-861a-b469212bff5b,6dbbbdf6-4589-11e9-95a2-b469212bff5b,aec3759a-5a15-11e9-9505-b469212bff5b,6dbbbdf5-4589-11e9-82b2-b469212bff5b,2019-04-15 04:31:56.376920,2019-04-15 05:06:51.542678,0.024249603680555558,5237914.395963831
6f1aed5a-458f-11e9-861a-b469212bff5b,6dbbbdf6-4589-11e9-95a2-b469212bff5b,aec3c3c0-5a15-11e9-85f1-b469212bff5b,6dbbbdf5-4589-11e9-82b2-b469212bff5b,2019-04-15 05:06:51.542678,2019-04-15 06:02:24.876012,0.038580246921296295,16666666.666666668
6f1aed5a-458f-11e9-861a-b469212bff5b,6dbbbdf6-4589-11e9-95a2-b469212bff5b,aec411de-5a15-11e9-a081-b469212bff5b,6dbbbdf4-4589-11e9-a501-b469212bff5b,2019-04-15 06:02:24.876012,2019-04-15 06:33:50.525194,0.021824643310185188,4714122.956367448
6f1aed5a-458f-11e9-861a-b469212bff5b,6dbbbdf6-4589-11e9-95a2-b469212bff5b,aec2d95c-5a15-11e9-b03b-b469212bff5b,6dbbbdf4-4589-11e9-a501-b469212bff5b,2019-04-15 06:33:50.525194,2019-04-15 07:29:23.858527,0.03858024690972222,16666666.666666668
6f1aed5a-458f-11e9-861a-b469212bff5b,6dbbbdf6-4589-11e9-95a2-b469212bff5b,aec3759a-5a15-11e9-9505-b469212bff5b,6dbbbdf5-4589-11e9-82b2-b469212bff5b,2019-04-15 07:29:23.858527,2019-04-15 08:04:19.024286,0.024249603692129633,5237914.395963831
6f1aed5a-458f-11e9-861a-b469212bff5b,6dbbbdf6-4589-11e9-95a2-b469212bff5b,aec3c3c0-5a15-11e9-85f1-b469212bff5b,6dbbbdf5-4589-11e9-82b2-b469212bff5b,2019-04-15 08:04:19.024286,2019-04-15 08:59:52.357619,0.03858024690972222,16666666.666666668
6f1aed5a-458f-11e9-861a-b469212bff5b,6dbbbdf6-4589-11e9-95a2-b469212bff5b,aec411de-5a15-11e9-a081-b469212bff5b,6dbbbdf4-4589-11e9-a501-b469212bff5b,2019-04-15 08:59:52.357619,2019-04-15 09:31:18.006802,0.02182464332175926,4714122.956367448
6f1aed5a-458f-11e9-861a-b469212bff5b,6dbbbdf6-4589-11e9-95a2-b469212bff5b,aec2d95c-5a15-11e9-b03b-b469212bff5b,6dbbbdf4-4589-11e9-a501-b469212bff5b,2019-04-15 09:31:18.006802,2019-04-15 10:26:51.340135,0.03858024690972222,16666666.666666668
6f1aed5a-458f-11e9-861a-b469212bff5b,6dbbbdf6-4589-11e9-95a2-b469212bff5b,aec3759a-5a15-11e9-9505-b469212bff5b,6dbbbdf5-4589-11e9-82b2-b469212bff5b,2019-04-15 10:26:51.340135,2019-04-15 11:01:46.505893,0.024249603680555558,5237914.395963831
6f1aed5a-458f-11e9-861a-b469212bff5b,6dbbbdf6-4589-11e9-95a2-b469212bff5b,aec3c3c0-5a15-11e9-85f1-b469212bff5b,6dbbbdf5-4589-11e9-82b2-b469212bff5b,2019-04-15 11:01:46.505893,2019-04-15 11:57:19.839226,0.03858024690972222,16666666.666666668
6f1aed5a-458f-11e9-861a-b469212bff5b,6dbbbdf6-4589-11e9-95a2-b469212bff5b,aec411de-5a15-11e9-a081-b469212bff5b,6dbbbdf4-4589-11e9-a501-b469212bff5b,2019-04-15 11:57:19.839226,2019-04-15 12:28:45.488409,0.02182464332175926,4714122.956367448
6f1aed5a-458f-11e9-861a-b469212bff5b,6dbbbdf6-4589-11e9-95a2-b469212bff5b,aec2d95c-5a15-11e9-b03b-b469212bff5b,6dbbbdf4-4589-11e9-a501-b469212bff5b,2019-04-15 12:28:45.488409,2019-04-15 13:24:18.821742,0.03858024690972222,16666666.666666668
6f1aed5a-458f-11e9-861a-b469212bff5b,6dbbbdf6-4589-11e9-95a2-b469212bff5b,aec3759a-5a15-11e9-9505-b469212bff5b,6dbbbdf5-4589-11e9-82b2-b469212bff5b,2019-04-15 13:24:18.821742,2019-04-15 13:59:13.987501,0.024249603692129633,5237914.395963831
6f1aed5a-458f-11e9-861a-b469212bff5b,6dbbbdf6-4589-11e9-95a2-b469212bff5b,aec3c3c0-5a15-11e9-85f1-b469212bff5b,6dbbbdf5-4589-11e9-82b2-b469212bff5b,2019-04-15 13:59:13.987501,2019-04-15 14:54:47.320834,0.03858024690972222,16666666.666666668
6f1aed5a-458f-11e9-861a-b469212bff5b,6dbbbdf6-4589-11e9-95a2-b469212bff5b,aec411de-5a15-11e9-a081-b469212bff5b,6dbbbdf4-4589-11e9-a501-b469212bff5b,2019-04-15 14:54:47.320834,2019-04-15 15:26:12.970016,0.021824643310185188,4714122.956367448
6f1aed5a-458f-11e9-861a-b469212bff5b,6dbbbdf6-4589-11e9-95a2-b469212bff5b,aec2d95c-5a15-11e9-b03b-b469212bff5b,6dbbbdf4-4589-11e9-a501-b469212bff5b,2019-04-15 15:26:12.970016,2019-04-15 16:21:46.303350,0.038580246921296295,16666666.666666668
6f1aed5a-458f-11e9-861a-b469212bff5b,6dbbbdf6-4589-11e9-95a2-b469212bff5b,aec3759a-5a15-11e9-9505-b469212bff5b,6dbbbdf5-4589-11e9-82b2-b469212bff5b,2019-04-15 16:21:46.303350,2019-04-15 16:56:41.469108,0.024249603680555558,5237914.395963831
6f1aed5a-458f-11e9-861a-b469212bff5b,6dbbbdf6-4589-11e9-95a2-b469212bff5b,aec3c3c0-5a15-11e9-85f1-b469212bff5b,6dbbbdf5-4589-11e9-82b2-b469212bff5b,2019-04-15 16:56:41.469108,2019-04-15 17:52:14.802441,0.03858024690972222,16666666.666666668
6f1aed5a-458f-11e9-861a-b469212bff5b,6dbbbdf6-4589-11e9-95a2-b469212bff5b,aec411de-5a15-11e9-a081-b469212bff5b,6dbbbdf4-4589-11e9-a501-b469212bff5b,2019-04-15 17:52:14.802441,2019-04-15 18:23:40.451624,0.02182464332175926,4714122.956367448
6f1aed5a-458f-11e9-861a-b469212bff5b,6dbbbdf6-4589-11e9-95a2-b469212bff5b,aec2d95c-5a15-11e9-b03b-b469212bff5b,6dbbbdf4-4589-11e9-a501-b469212bff5b,2019-04-15 18:23:40.451624,2019-04-15 19:19:13.784957,0.03858024690972222,16666666.666666668
6f1aed5a-458f-11e9-861a-b469212bff5b,6dbbbdf6-4589-11e9-95a2-b469212bff5b,aec3759a-5a15-11e9-9505-b469212bff5b,6dbbbdf5-4589-11e9-82b2-b469212bff5b,2019-04-15 19:19:13.784957,2019-04-15 19:54:08.950716,0.024249603692129633,5237914.395963831
6f1aed5a-458f-11e9-861a-b469212bff5b,6dbbbdf6-4589-11e9-95a2-b469212bff5b,aec3c3c0-5a15-11e9-85f1-b469212bff5b,6dbbbdf5-4589-11e9-82b2-b469212bff5b,2019-04-15 19:54:08.950716,2019-04-15 20:49:42.284049,0.03858024690972222,16666666.666666668
6f1aed5a-458f-11e9-861a-b469212bff5b,6dbbbdf6-4589-11e9-95a2-b469212bff5b,aec411de-5a15-11e9-a081-b469212bff5b,6dbbbdf4-4589-11e9-a501-b469212bff5b,2019-04-15 20:49:42.284049,2019-04-15 21:21:07.933231,0.021824643310185188,4714122.956367448
6f1aed5a-458f-11e9-861a-b469212bff5b,6dbbbdf6-4589-11e9-95a2-b469212bff5b,aec2d95c-5a15-11e9-b03b-b469212bff5b,6dbbbdf4-4589-11e9-a501-b469212bff5b,2019-04-15 21:21:07.933231,2019-04-15 22:16:41.266565,0.038580246921296295,16666666.666666668
6f1aed5a-458f-11e9-861a-b469212bff5b,6dbbbdf6-4589-11e9-95a2-b469212bff5b,aec3759a-5a15-11e9-9505-b469212bff5b,6dbbbdf5-4589-11e9-82b2-b469212bff5b,2019-04-15 22:16:41.266565,2019-04-15 22:51:36.432323,0.024249603680555558,5237914.395963831
6f1aed5a-458f-11e9-861a-b469212bff5b,6dbbbdf6-4589-11e9-95a2-b469212bff5b,aec3c3c0-5a15-11e9-85f1-b469212bff5b,6dbbbdf5-4589-11e9-82b2-b469212bff5b,2019-04-15 22:51:36.432323,2019-04-15 23:47:09.765656,0.03858024690972222,16666666.666666668
6f1aed5a-458f-11e9-861a-b469212bff5b,6dbbbdf6-4589-11e9-95a2-b469212bff5b,aec411de-5a15-11e9-a081-b469212bff5b,6dbbbdf4-4589-11e9-a501-b469212bff5b,2019-04-15 23:47:09.765656,2019-04-16 00:18:35.414839,0.02182464332175926,4714122.956367448
6f1aed5a-458f-11e9-861a-b469212bff5b,6dbbbdf6-4589-11e9-95a2-b469212bff5b,aec2d95c-5a15-11e9-b03b-b469212bff5b,6dbbbdf4-4589-11e9-a501-b469212bff5b,2019-04-16 00:18:35.414839,2019-04-16 01:14:08.748172,0.03858024690972222,16666666.666666668
6f1aed5a-458f-11e9-861a-b469212bff5b,6dbbbdf6-4589-11e9-95a2-b469212bff5b,aec3759a-5a15-11e9-9505-b469212bff5b,6dbbbdf5-4589-11e9-82b2-b469212bff5b,2019-04-16 01:14:08.748172,2019-04-16 01:49:03.913930,0.024249603680555558,5237914.395963831
6f1aed5a-458f-11e9-861a-b469212bff5b,6dbbbdf6-4589-11e9-95a2-b469212bff5b,aec3c3c0-5a15-11e9-85f1-b469212bff5b,6dbbbdf5-4589-11e9-82b2-b469212bff5b,2019-04-16 01:49:03.913930,2019-04-16 02:44:37.247264,0.038580246921296295,16666666.666666668
6f1aed5a-458f-11e9-861a-b469212bff5b,6dbbbdf6-4589-11e9-95a2-b469212bff5b,aec411de-5a15-11e9-a081-b469212bff5b,6dbbbdf4-4589-11e9-a501-b469212bff5b,2019-04-16 02:44:37.247264,2019-04-16 03:16:02.896446,0.021824643310185188,4714122.956367448
6f1aed5a-458f-11e9-861a-b469212bff5b,6dbbbdf6-4589-11e9-95a2-b469212bff5b,aec2d95c-5a15-11e9-b03b-b469212bff5b,6dbbbdf4-4589-11e9-a501-b469212bff5b,2019-04-16 03:16:02.896446,2019-04-16 04:11:36.229779,0.03858024690972222,16666666.666666668
6f1aed5a-458f-11e9-861a-b469212bff5b,6dbbbdf6-4589-11e9-95a2-b469212bff5b,aec3759a-5a15-11e9-9505-b469212bff5b,6dbbbdf5-4589-11e9-82b2-b469212bff5b,2019-04-16 04:11:36.229779,2019-04-16 04:46:31.395538,0.024249603692129633,5237914.395963831
6f1aed5a-458f-11e9-861a-b469212bff5b,6dbbbdf6-4589-11e9-95a2-b469212bff5b,aec3c3c0-5a15-11e9-85f1-b469212bff5b,6dbbbdf5-4589-11e9-82b2-b469212bff5b,2019-04-16 04:46:31.395538,2019-04-16 05:42:04.728871,0.03858024690972222,16666666.666666668
6f1aed5a-458f-11e9-861a-b469212bff5b,6dbbbdf6-4589-11e9-95a2-b469212bff5b,aec411de-5a15-11e9-a081-b469212bff5b,6dbbbdf4-4589-11e9-a501-b469212bff5b,2019-04-16 05:42:04.728871,2019-04-16 06:13:30.378054,0.02182464332175926,4714122.956367448
6f1aed5a-458f-11e9-861a-b469212bff5b,6dbbbdf6-4589-11e9-95a2-b469212bff5b,aec2d95c-5a15-11e9-b03b-b469212bff5b,6dbbbdf4-4589-11e9-a501-b469212bff5b,2019-04-16 06:13:30.378054,2019-04-16 07:09:03.711387,0.03858024690972222,16666666.666666668
6f1aed5a-458f-11e9-861a-b469212bff5b,6dbbbdf6-4589-11e9-95a2-b469212bff5b,aec3759a-5a15-11e9-9505-b469212bff5b,6dbbbdf5-4589-11e9-82b2-b469212bff5b,2019-04-16 07:09:03.711387,2019-04-16 07:43:58.877145,0.024249603680555558,5237914.395963831
6f1aed5a-458f-11e9-861a-b469212bff5b,6dbbbdf6-4589-11e9-95a2-b469212bff5b,aec3c3c0-5a15-11e9-85f1-b469212bff5b,6dbbbdf5-4589-11e9-82b2-b469212bff5b,2019-04-16 07:43:58.877145,2019-04-16 08:39:32.210479,0.038580246921296295,16666666.666666668
6f1aed5a-458f-11e9-861a-b469212bff5b,6dbbbdf6-4589-11e9-95a2-b469212bff5b,aec411de-5a15-11e9-a081-b469212bff5b,6dbbbdf4-4589-11e9-a501-b469212bff5b,2019-04-16 08:39:32.210479,2019-04-16 09:10:57.859661,0.021824643310185188,4714122.956367448
6f1aed5a-458f-11e9-861a-b469212bff5b,6dbbbdf6-4589-11e9-95a2-b469212bff5b,aec2d95c-5a15-11e9-b03b-b469212bff5b,6dbbbdf4-4589-11e9-a501-b469212bff5b,2019-04-16 09:10:57.859661,2019-04-16 10:06:31.192994,0.03858024690972222,16666666.666666668
6f1aed5a-458f-11e9-861a-b469212bff5b,6dbbbdf6-4589-11e9-95a2-b469212bff5b,aec3759a-5a15-11e9-9505-b469212bff5b,6dbbbdf5-4589-11e9-82b2-b469212bff5b,2019-04-16 10:06:31.192994,2019-04-16 10:41:26.358753,0.024249603692129633,5237914.395963831
6f1aed5a-458f-11e9-861a-b469212bff5b,6dbbbdf6-4589-11e9-95a2-b469212bff5b,aec3c3c0-5a15-11e9-85f1-b469212bff5b,6dbbbdf5-4589-11e9-82b2-b469212bff5b,2019-04-16 10:41:26.358753,2019-04-16 11:36:59.692086,0.03858024690972222,16666666.666666668
6f1aed5a-458f-11e9-861a-b469212bff5b,6dbbbdf6-4589-11e9-95a2-b469212bff5b,aec411de-5a15-11e9-a081-b469212bff5b,6dbbbdf4-4589-11e9-a501-b469212bff5b,2019-04-16 11:36:59.692086,2019-04-16 12:08:25.341269,0.02182464332175926,4714122.956367448
6f1aed5a-458f-11e9-861a-b469212bff5b,6dbbbdf6-4589-11e9-95a2-b469212bff5b,aec2d95c-5a15-11e9-b03b-b469212bff5b,6dbbbdf4-4589-11e9-a501-b469212bff5b,2019-04-16 12:08:25.341269,2019-04-16 13:03:58.674602,0.03858024690972222,16666666.666666668
6f1aed5a-458f-11e9-861a-b469212bff5b,6dbbbdf6-4589-11e9-95a2-b469212bff5b,aec3759a-5a15-11e9-9505-b469212bff5b,6dbbbdf5-4589-11e9-82b2-b469212bff5b,2019-04-16 13:03:58.674602,2019-04-16 13:38:53.840360,0.024249603680555558,5237914.395963831
6f1aed5a-458f-11e9-861a-b469212bff5b,6dbbbdf6-4589-11e9-95a2-b469212bff5b,aec3c3c0-5a15-11e9-85f1-b469212bff5b,6dbbbdf5-4589-11e9-82b2-b469212bff5b,2019-04-16 13:38:53.840360,2019-04-16 14:34:27.173693,0.03858024690972222,16666666.666666668
6f1aed5a-458f-11e9-861a-b469212bff5b,6dbbbdf6-4589-11e9-95a2-b469212bff5b,aec411de-5a15-11e9-a081-b469212bff5b,6dbbbdf4-4589-11e9-a501-b469212bff5b,2019-04-16 14:34:27.173693,2019-04-16 15:05:52.822876,0.02182464332175926,4714122.956367448
6f1aed5a-458f-11e9-861a-b469212bff5b,6dbbbdf6-4589-11e9-95a2-b469212bff5b,aec2d95c-5a15-11e9-b03b-b469212bff5b,6dbbbdf4-4589-11e9-a501-b469212bff5b,2019-04-16 15:05:52.822876,2019-04-16 16:01:26.156209,0.03858024690972222,16666666.666666668
6f1aed5a-458f-11e9-861a-b469212bff5b,6dbbbdf6-4589-11e9-95a2-b469212bff5b,aec3759a-5a15-11e9-9505-b469212bff5b,6dbbbdf5-4589-11e9-82b2-b469212bff5b,2019-04-16 16:01:26.156209,2019-04-16 16:36:21.321968,0.024249603692129633,5237914.395963831
6f1aed5a-458f-11e9-861a-b469212bff5b,6dbbbdf6-4589-11e9-95a2-b469212bff5b,aec3c3c0-5a15-11e9-85f1-b469212bff5b,6dbbbdf5-4589-11e9-82b2-b469212bff5b,2019-04-16 16:36:21.321968,2019-04-16 17:31:54.655301,0.03858024690972222,16666666.666666668
6f1aed5a-458f-11e9-861a-b469212bff5b,6dbbbdf6-4589-11e9-95a2-b469212bff5b,aec411de-5a15-11e9-a081-b469212bff5b,6dbbbdf4-4589-11e9-a501-b469212bff5b,2019-04-16 17:31:54.655301,2019-04-16 18:03:20.304483,0.021824643310185188,4714122.956367448
6f1aed5a-458f-11e9-861a-b469212bff5b,6dbbbdf6-4589-11e9-95a2-b469212bff5b,aec2d95c-5a15-11e9-b03b-b469212bff5b,6dbbbdf4-4589-11e9-a501-b469212bff5b,2019-04-16 18:03:20.304483,2019-04-16 18:58:53.637817,0.038580246921296295,16666666.666666668
6f1aed5a-458f-11e9-861a-b469212bff5b,6dbbbdf6-4589-11e9-95a2-b469212bff5b,aec3759a-5a15-11e9-9505-b469212bff5b,6dbbbdf5-4589-11e9-82b2-b469212bff5b,2019-04-16 18:58:53.637817,2019-04-16 19:33:48.803575,0.024249603680555558,5237914.395963831
6f1aed5a-458f-11e9-861a-b469212bff5b,6dbbbdf6-4589-11e9-95a2-b469212bff5b,aec3c3c0-5a15-11e9-85f1-b469212bff5b,6dbbbdf5-4589-11e9-82b2-b469212bff5b,2019-04-16 19:33:48.803575,2019-04-16 20:29:22.136908,0.03858024690972222,16666666.666666668
6f1aed5a-458f-11e9-861a-b469212bff5b,6dbbbdf6-4589-11e9-95a2-b469212bff5b,aec411de-5a15-11e9-a081-b469212bff5b,6dbbbdf4-4589-11e9-a501-b469212bff5b,2019-04-16 20:29:22.136908,2019-04-16 21:00:47.786091,0.02182464332175926,4714122.956367448
6f1aed5a-458f-11e9-861a-b469212bff5b,6dbbbdf6-4589-11e9-95a2-b469212bff5b,aec2d95c-5a15-11e9-b03b-b469212bff5b,6dbbbdf4-4589-11e9-a501-b469212bff5b,2019-04-16 21:00:47.786091,2019-04-16 21:56:21.119424,0.03858024690972222,16666666.666666668
6f1aed5a-458f-11e9-861a-b469212bff5b,6dbbbdf6-4589-11e9-95a2-b469212bff5b,aec3759a-5a15-11e9-9505-b469212bff5b,6dbbbdf5-4589-11e9-82b2-b469212bff5b,2019-04-16 21:56:21.119424,2019-04-16 22:31:16.285182,0.024249603680555558,5237914.395963831
6f1aed5a-458f-11e9-861a-b469212bff5b,6dbbbdf6-4589-11e9-95a2-b469212bff5b,aec3c3c0-5a15-11e9-85f1-b469212bff5b,6dbbbdf5-4589-11e9-82b2-b469212bff5b,2019-04-16 22:31:16.285182,2019-04-16 23:26:49.618516,0.038580246921296295,16666666.666666668
6f1aed5a-458f-11e9-861a-b469212bff5b,6dbbbdf6-4589-11e9-95a2-b469212bff5b,aec411de-5a15-11e9-a081-b469212bff5b,6dbbbdf4-4589-11e9-a501-b469212bff5b,2019-04-16 23:26:49.618516,2019-04-16 23:58:15.267698,0.021824643310185188,4714122.956367448
6f1aed5a-458f-11e9-861a-b469212bff5b,6dbbbdf6-4589-11e9-95a2-b469212bff5b,aec2d95c-5a15-11e9-b03b-b469212bff5b,6dbbbdf4-4589-11e9-a501-b469212bff5b,2019-04-16 23:58:15.267698,2019-04-17 00:53:48.601032,0.038580246921296295,16666666.666666668
6f1aed5a-458f-11e9-861a-b469212bff5b,6dbbbdf6-4589-11e9-95a2-b469212bff5b,aec3759a-5a15-11e9-9505-b469212bff5b,6dbbbdf5-4589-11e9-82b2-b469212bff5b,2019-04-17 00:53:48.601032,2019-04-17 01:28:43.766790,0.024249603680555558,5237914.395963831
6f1aed5a-458f-11e9-861a-b469212bff5b,6dbbbdf6-4589-11e9-95a2-b469212bff5b,aec3c3c0-5a15-11e9-85f1-b469212bff5b,6dbbbdf5-4589-11e9-82b2-b469212bff5b,2019-04-17 01:28:43.766790,2019-04-17 02:24:17.100123,0.03858024690972222,16666666.666666668
6f1aed5a-458f-11e9-861a-b469212bff5b,6dbbbdf6-4589-11e9-95a2-b469212bff5b,aec411de-5a15-11e9-a081-b469212bff5b,6dbbbdf4-4589-11e9-a501-b469212bff5b,2019-04-17 02:24:17.100123,2019-04-17 02:55:42.749306,0.02182464332175926,4714122.956367448
6f1aed5a-458f-11e9-861a-b469212bff5b,6dbbbdf6-4589-11e9-95a2-b469212bff5b,aec2d95c-5a15-11e9-b03b-b469212bff5b,6dbbbdf4-4589-11e9-a501-b469212bff5b,2019-04-17 02:55:42.749306,2019-04-17 03:51:16.082639,0.03858024690972222,16666666.666666668
6f1aed5a-458f-11e9-861a-b469212bff5b,6dbbbdf6-4589-11e9-95a2-b469212bff5b,aec3759a-5a15-11e9-9505-b469212bff5b,6dbbbdf5-4589-11e9-82b2-b469212bff5b,2019-04-17 03:51:16.082639,2019-04-17 04:26:11.248397,0.024249603680555558,5237914.395963831
6f1aed5a-458f-11e9-861a-b469212bff5b,6dbbbdf6-4589-11e9-95a2-b469212bff5b,aec3c3c0-5a15-11e9-85f1-b469212bff5b,6dbbbdf5-4589-11e9-82b2-b469212bff5b,2019-04-17 04:26:11.248397,2019-04-17 05:21:44.581731,0.038580246921296295,16666666.666666668
6f1aed5a-458f-11e9-861a-b469212bff5b,6dbbbdf6-4589-11e9-95a2-b469212bff5b,aec411de-5a15-11e9-a081-b469212bff5b,6dbbbdf4-4589-11e9-a501-b469212bff5b,2019-04-17 05:21:44.581731,2019-04-17 05:53:10.230913,0.021824643310185188,4714122.956367448
6f1aed5a-458f-11e9-861a-b469212bff5b,6dbbbdf6-4589-11e9-95a2-b469212bff5b,aec2d95c-5a15-11e9-b03b-b469212bff5b,6dbbbdf4-4589-11e9-a501-b469212bff5b,2019-04-17 05:53:10.230913,2019-04-17 06:48:43.564246,0.03858024690972222,16666666.666666668
6f1aed5a-458f-11e9-861a-b469212bff5b,6dbbbdf6-4589-11e9-95a2-b469212bff5b,aec3759a-5a15-11e9-9505-b469212bff5b,6dbbbdf5-4589-11e9-82b2-b469212bff5b,2019-04-17 06:48:43.564246,2019-04-17 07:23:38.730005,0.024249603692129633,5237914.395963831
6f1aed5a-458f-11e9-861a-b469212bff5b,6dbbbdf6-4589-11e9-95a2-b469212bff5b,aec3c3c0-5a15-11e9-85f1-b469212bff5b,6dbbbdf5-4589-11e9-82b2-b469212bff5b,2019-04-17 07:23:38.730005,2019-04-17 08:19:12.063338,0.03858024690972222,16666666.666666668
6f1aed5a-458f-11e9-861a-b469212bff5b,6dbbbdf6-4589-11e9-95a2-b469212bff5b,aec411de-5a15-11e9-a081-b469212bff5b,6dbbbdf4-4589-11e9-a501-b469212bff5b,2019-04-17 08:19:12.063338,2019-04-17 08:50:37.712521,0.02182464332175926,4714122.956367448
6f1aed5a-458f-11e9-861a-b469212bff5b,6dbbbdf6-4589-11e9-95a2-b469212bff5b,aec2d95c-5a15-11e9-b03b-b469212bff5b,6dbbbdf4-4589-11e9-a501-b469212bff5b,2019-04-17 08:50:37.712521,2019-04-17 09:46:11.045854,0.03858024690972222,16666666.666666668
6f1aed5a-458f-11e9-861a-b469212bff5b,6dbbbdf6-4589-11e9-95a2-b469212bff5b,aec3759a-5a15-11e9-9505-b469212bff5b,6dbbbdf5-4589-11e9-82b2-b469212bff5b,2019-04-17 09:46:11.045854,2019-04-17 10:21:06.211612,0.024249603680555558,5237914.395963831
6f1aed5a-458f-11e9-861a-b469212bff5b,6dbbbdf6-4589-11e9-95a2-b469212bff5b,aec3c3c0-5a15-11e9-85f1-b469212bff5b,6dbbbdf5-4589-11e9-82b2-b469212bff5b,2019-04-17 10:21:06.211612,2019-04-17 11:16:39.544945,0.03858024690972222,16666666.666666668
6f1aed5a-458f-11e9-861a-b469212bff5b,6dbbbdf6-4589-11e9-95a2-b469212bff5b,aec411de-5a15-11e9-a081-b469212bff5b,6dbbbdf4-4589-11e9-a501-b469212bff5b,2019-04-17 11:16:39.544945,2019-04-17 11:48:05.194128,0.02182464332175926,4714122.956367448
6f1aed5a-458f-11e9-861a-b469212bff5b,6dbbbdf6-4589-11e9-95a2-b469212bff5b,aec2d95c-5a15-11e9-b03b-b469212bff5b,6dbbbdf4-4589-11e9-a501-b469212bff5b,2019-04-17 11:48:05.194128,2019-04-17 12:43:38.527461,0.03858024690972222,16666666.666666668
6f1aed5a-458f-11e9-861a-b469212bff5b,6dbbbdf6-4589-11e9-95a2-b469212bff5b,aec3759a-5a15-11e9-9505-b469212bff5b,6dbbbdf5-4589-11e9-82b2-b469212bff5b,2019-04-17 12:43:38.527461,2019-04-17 13:18:33.693220,0.024249603692129633,5237914.395963831
6f1aed5a-458f-11e9-861a-b469212bff5b,6dbbbdf6-4589-11e9-95a2-b469212bff5b,aec3c3c0-5a15-11e9-85f1-b469212bff5b,6dbbbdf5-4589-11e9-82b2-b469212bff5b,2019-04-17 13:18:33.693220,2019-04-17 14:14:07.026553,0.03858024690972222,16666666.666666668
6f1aed5a-458f-11e9-861a-b469212bff5b,6dbbbdf6-4589-11e9-95a2-b469212bff5b,aec411de-5a15-11e9-a081-b469212bff5b,6dbbbdf4-4589-11e9-a501-b469212bff5b,2019-04-17 14:14:07.026553,2019-04-17 14:45:32.675735,0.021824643310185188,4714122.956367448
6f1aed5a-458f-11e9-861a-b469212bff5b,6dbbbdf6-4589-11e9-95a2-b469212bff5b,aec2d95c-5a15-11e9-b03b-b469212bff5b,6dbbbdf4-4589-11e9-a501-b469212bff5b,2019-04-17 14:45:32.675735,2019-04-17 15:41:06.009069,0.038580246921296295,16666666.666666668
6f1aed5a-458f-11e9-861a-b469212bff5b,6dbbbdf6-4589-11e9-95a2-b469212bff5b,aec3759a-5a15-11e9-9505-b469212bff5b,6dbbbdf5-4589-11e9-82b2-b469212bff5b,2019-04-17 15:41:06.009069,2019-04-17 16:16:01.174827,0.024249603680555558,5237914.395963831
6f1aed5a-458f-11e9-861a-b469212bff5b,6dbbbdf6-4589-11e9-95a2-b469212bff5b,aec3c3c0-5a15-11e9-85f1-b469212bff5b,6dbbbdf5-4589-11e9-82b2-b469212bff5b,2019-04-17 16:16:01.174827,2019-04-17 17:11:34.508160,0.03858024690972222,16666666.666666668
6f1aed5a-458f-11e9-861a-b469212bff5b,6dbbbdf6-4589-11e9-95a2-b469212bff5b,aec411de-5a15-11e9-a081-b469212bff5b,6dbbbdf4-4589-11e9-a501-b469212bff5b,2019-04-17 17:11:34.508160,2019-04-17 17:43:00.157343,0.02182464332175926,4714122.956367448
6f1aed5a-458f-11e9-861a-b469212bff5b,6dbbbdf6-4589-11e9-95a2-b469212bff5b,aec2d95c-5a15-11e9-b03b-b469212bff5b,6dbbbdf4-4589-11e9-a501-b469212bff5b,2019-04-17 17:43:00.157343,2019-04-17 18:38:33.490676,0.03858024690972222,16666666.666666668
6f1aed5a-458f-11e9-861a-b469212bff5b,6dbbbdf6-4589-11e9-95a2-b469212bff5b,aec3759a-5a15-11e9-9505-b469212bff5b,6dbbbdf5-4589-11e9-82b2-b469212bff5b,2019-04-17 18:38:33.490676,2019-04-17 19:13:28.656435,0.024249603692129633,5237914.395963831
6f1aed5a-458f-11e9-861a-b469212bff5b,6dbbbdf6-4589-11e9-95a2-b469212bff5b,aec3c3c0-5a15-11e9-85f1-b469212bff5b,6dbbbdf5-4589-11e9-82b2-b469212bff5b,2019-04-17 19:13:28.656435,2019-04-17 20:09:01.989768,0.03858024690972222,16666666.666666668
6f1aed5a-458f-11e9-861a-b469212bff5b,6dbbbdf6-4589-11e9-95a2-b469212bff5b,aec411de-5a15-11e9-a081-b469212bff5b,6dbbbdf4-4589-11e9-a501-b469212bff5b,2019-04-17 20:09:01.989768,2019-04-17 20:40:27.638950,0.021824643310185188,4714122.956367448
6f1aed5a-458f-11e9-861a-b469212bff5b,6dbbbdf6-4589-11e9-95a2-b469212bff5b,aec2d95c-5a15-11e9-b03b-b469212bff5b,6dbbbdf4-4589-11e9-a501-b469212bff5b,2019-04-17 20:40:27.638950,2019-04-17 21:36:00.972284,0.038580246921296295,16666666.666666668
6f1aed5a-458f-11e9-861a-b469212bff5b,6dbbbdf6-4589-11e9-95a2-b469212bff5b,aec3759a-5a15-11e9-9505-b469212bff5b,6dbbbdf5-4589-11e9-82b2-b469212bff5b,2019-04-17 21:36:00.972284,2019-04-17 22:10:56.138042,0.024249603680555558,5237914.395963831
6f1aed5a-458f-11e9-861a-b469212bff5b,6dbbbdf6-4589-11e9-95a2-b469212bff5b,aec3c3c0-5a15-11e9-85f1-b469212bff5b,6dbbbdf5-4589-11e9-82b2-b469212bff5b,2019-04-17 22:10:56.138042,2019-04-17 23:06:29.471375,0.03858024690972222,16666666.666666668
6f1aed5a-458f-11e9-861a-b469212bff5b,6dbbbdf6-4589-11e9-95a2-b469212bff5b,aec411de-5a15-11e9-a081-b469212bff5b,6dbbbdf4-4589-11e9-a501-b469212bff5b,2019-04-17 23:06:29.471375,2019-04-17 23:37:55.120558,0.02182464332175926,4714122.956367448
6f1aed5a-458f-11e9-861a-b469212bff5b,6dbbbdf6-4589-11e9-95a2-b469212bff5b,aec2d95c-5a15-11e9-b03b-b469212bff5b,6dbbbdf4-4589-11e9-a501-b469212bff5b,2019-04-17 23:37:55.120558,2019-04-18 00:33:28.453891,0.03858024690972222,16666666.666666668
6f1aed5a-458f-11e9-861a-b469212bff5b,6dbbbdf6-4589-11e9-95a2-b469212bff5b,aec3759a-5a15-11e9-9505-b469212bff5b,6dbbbdf5-4589-11e9-82b2-b469212bff5b,2019-04-18 00:33:28.453891,2019-04-18 01:08:23.619649,0.024249603680555558,5237914.395963831
6f1aed5a-458f-11e9-861a-b469212bff5b,6dbbbdf6-4589-11e9-95a2-b469212bff5b,aec3c3c0-5a15-11e9-85f1-b469212bff5b,6dbbbdf5-4589-11e9-82b2-b469212bff5b,2019-04-18 01:08:23.619649,2019-04-18 02:03:56.952983,0.038580246921296295,16666666.666666668
6f1aed5a-458f-11e9-861a-b469212bff5b,6dbbbdf6-4589-11e9-95a2-b469212bff5b,aec411de-5a15-11e9-a081-b469212bff5b,6dbbbdf4-4589-11e9-a501-b469212bff5b,2019-04-18 02:03:56.952983,2019-04-18 02:35:22.602165,0.021824643310185188,4714122.956367448
6f1aed5a-458f-11e9-861a-b469212bff5b,6dbbbdf6-4589-11e9-95a2-b469212bff5b,aec2d95c-5a15-11e9-b03b-b469212bff5b,6dbbbdf4-4589-11e9-a501-b469212bff5b,2019-04-18 02:35:22.602165,2019-04-18 03:30:55.935498,0.03858024690972222,16666666.666666668
6f1aed5a-458f-11e9-861a-b469212bff5b,6dbbbdf6-4589-11e9-95a2-b469212bff5b,aec3759a-5a15-11e9-9505-b469212bff5b,6dbbbdf5-4589-11e9-82b2-b469212bff5b,2019-04-18 03:30:55.935498,2019-04-18 04:05:51.101257,0.024249603692129633,5237914.395963831
6f1aed5a-458f-11e9-861a-b469212bff5b,6dbbbdf6-4589-11e9-95a2-b469212bff5b,aec3c3c0-5a15-11e9-85f1-b469212bff5b,6dbbbdf5-4589-11e9-82b2-b469212bff5b,2019-04-18 04:05:51.101257,2019-04-18 05:01:24.434590,0.03858024690972222,16666666.666666668
6f1aed5a-458f-11e9-861a-b469212bff5b,6dbbbdf6-4589-11e9-95a2-b469212bff5b,aec411de-5a15-11e9-a081-b469212bff5b,6dbbbdf4-4589-11e9-a501-b469212bff5b,2019-04-18 05:01:24.434590,2019-04-18 05:32:50.083773,0.02182464332175926,4714122.956367448
6f1aed5a-458f-11e9-861a-b469212bff5b,6dbbbdf6-4589-11e9-95a2-b469212bff5b,aec2d95c-5a15-11e9-b03b-b469212bff5b,6dbbbdf4-4589-11e9-a501-b469212bff5b,2019-04-18 05:32:50.083773,2019-04-18 06:28:23.417106,0.03858024690972222,16666666.666666668
6f1aed5a-458f-11e9-861a-b469212bff5b,6dbbbdf6-4589-11e9-95a2-b469212bff5b,aec3759a-5a15-11e9-9505-b469212bff5b,6dbbbdf5-4589-11e9-82b2-b469212bff5b,2019-04-18 06:28:23.417106,2019-04-18 07:03:18.582864,0.024249603680555558,5237914.395963831
6f1aed5a-458f-11e9-861a-b469212bff5b,6dbbbdf6-4589-11e9-95a2-b469212bff5b,aec3c3c0-5a15-11e9-85f1-b469212bff5b,6dbbbdf5-4589-11e9-82b2-b469212bff5b,2019-04-18 07:03:18.582864,2019-04-18 07:58:51.916198,0.038580246921296295,16666666.666666668
6f1aed5a-458f-11e9-861a-b469212bff5b,6dbbbdf6-4589-11e9-95a2-b469212bff5b,aec411de-5a15-11e9-a081-b469212bff5b,6dbbbdf4-4589-11e9-a501-b469212bff5b,2019-04-18 07:58:51.916198,2019-04-18 08:30:17.565380,0.021824643310185188,4714122.956367448
6f1aed5a-458f-11e9-861a-b469212bff5b,6dbbbdf6-4589-11e9-95a2-b469212bff5b,aec2d95c-5a15-11e9-b03b-b469212bff5b,6dbbbdf4-4589-11e9-a501-b469212bff5b,2019-04-18 08:30:17.565380,2019-04-18 09:25:50.898713,0.03858024690972222,16666666.666666668
6f1aed5a-458f-11e9-861a-b469212bff5b,6dbbbdf6-4589-11e9-95a2-b469212bff5b,aec3759a-5a15-11e9-9505-b469212bff5b,6dbbbdf5-4589-11e9-82b2-b469212bff5b,2019-04-18 09:25:50.898713,2019-04-18 10:00:46.064472,0.024249603692129633,5237914.395963831
6f1aed5a-458f-11e9-861a-b469212bff5b,6dbbbdf6-4589-11e9-95a2-b469212bff5b,aec3c3c0-5a15-11e9-85f1-b469212bff5b,6dbbbdf5-4589-11e9-82b2-b469212bff5b,2019-04-18 10:00:46.064472,2019-04-18 10:56:19.397805,0.03858024690972222,16666666.666666668
6f1aed5a-458f-11e9-861a-b469212bff5b,6dbbbdf6-4589-11e9-95a2-b469212bff5b,aec411de-5a15-11e9-a081-b469212bff5b,6dbbbdf4-4589-11e9-a501-b469212bff5b,2019-04-18 10:56:19.397805,2019-04-18 11:27:45.046988,0.02182464332175926,4714122.956367448
6f1aed5a-458f-11e9-861a-b469212bff5b,6dbbbdf6-4589-11e9-95a2-b469212bff5b,aec2d95c-5a15-11e9-b03b-b469212bff5b,6dbbbdf4-4589-11e9-a501-b469212bff5b,2019-04-18 11:27:45.046988,2019-04-18 12:23:18.380321,0.03858024690972222,16666666.666666668
6f1aed5a-458f-11e9-861a-b469212bff5b,6dbbbdf6-4589-11e9-95a2-b469212bff5b,aec3759a-5a15-11e9-9505-b469212bff5b,6dbbbdf5-4589-11e9-82b2-b469212bff5b,2019-04-18 12:23:18.380321,2019-04-18 12:58:13.546079,0.024249603680555558,5237914.395963831
6f1aed5a-458f-11e9-861a-b469212bff5b,6dbbbdf6-4589-11e9-95a2-b469212bff5b,aec3c3c0-5a15-11e9-85f1-b469212bff5b,6dbbbdf5-4589-11e9-82b2-b469212bff5b,2019-04-18 12:58:13.546079,2019-04-18 13:53:46.879412,0.03858024690972222,16666666.666666668
6f1aed5a-458f-11e9-861a-b469212bff5b,6dbbbdf6-4589-11e9-95a2-b469212bff5b,aec411de-5a15-11e9-a081-b469212bff5b,6dbbbdf4-4589-11e9-a501-b469212bff5b,2019-04-18 13:53:46.879412,2019-04-18 14:25:12.528595,0.02182464332175926,4714122.956367448
6f1aed5a-458f-11e9-861a-b469212bff5b,6dbbbdf6-4589-11e9-95a2-b469212bff5b,aec2d95c-5a15-11e9-b03b-b469212bff5b,6dbbbdf4-4589-11e9-a501-b469212bff5b,2019-04-18 14:25:12.528595,2019-04-18 15:20:45.861928,0.03858024690972222,16666666.666666668
6f1aed5a-458f-11e9-861a-b469212bff5b,6dbbbdf6-4589-11e9-95a2-b469212bff5b,aec3759a-5a15-11e9-9505-b469212bff5b,6dbbbdf5-4589-11e9-82b2-b469212bff5b,2019-04-18 15:20:45.861928,2019-04-18 15:55:41.027687,0.024249603692129633,5237914.395963831
6f1aed5a-458f-11e9-861a-b469212bff5b,6dbbbdf6-4589-11e9-95a2-b469212bff5b,aec3c3c0-5a15-11e9-85f1-b469212bff5b,6dbbbdf5-4589-11e9-82b2-b469212bff5b,2019-04-18 15:55:41.027687,2019-04-18 16:51:14.361020,0.03858024690972222,16666666.666666668
6f1aed5a-458f-11e9-861a-b469212bff5b,6dbbbdf6-4589-11e9-95a2-b469212bff5b,aec411de-5a15-11e9-a081-b469212bff5b,6dbbbdf4-4589-11e9-a501-b469212bff5b,2019-04-18 16:51:14.361020,2019-04-18 17:22:40.010202,0.021824643310185188,4714122.956367448
6f1aed5a-458f-11e9-861a-b469212bff5b,6dbbbdf6-4589-11e9-95a2-b469212bff5b,aec2d95c-5a15-11e9-b03b-b469212bff5b,6dbbbdf4-4589-11e9-a501-b469212bff5b,2019-04-18 17:22:40.010202,2019-04-18 18:18:13.343536,0.038580246921296295,16666666.666666668
6f1aed5a-458f-11e9-861a-b469212bff5b,6dbbbdf6-4589-11e9-95a2-b469212bff5b,aec3759a-5a15-11e9-9505-b469212bff5b,6dbbbdf5-4589-11e9-82b2-b469212bff5b,2019-04-18 18:18:13.343536,2019-04-18 18:53:08.509294,0.024249603680555558,5237914.395963831
6f1aed5a-458f-11e9-861a-b469212bff5b,6dbbbdf6-4589-11e9-95a2-b469212bff5b,aec3c3c0-5a15-11e9-85f1-b469212bff5b,6dbbbdf5-4589-11e9-82b2-b469212bff5b,2019-04-18 18:53:08.509294,2019-04-18 19:48:41.842627,0.03858024690972222,16666666.666666668
6f1aed5a-458f-11e9-861a-b469212bff5b,6dbbbdf6-4589-11e9-95a2-b469212bff5b,aec411de-5a15-11e9-a081-b469212bff5b,6dbbbdf4-4589-11e9-a501-b469212bff5b,2019-04-18 19:48:41.842627,2019-04-18 20:20:07.491810,0.02182464332175926,4714122.956367448
6f1aed5a-458f-11e9-861a-b469212bff5b,6dbbbdf6-4589-11e9-95a2-b469212bff5b,aec2d95c-5a15-11e9-b03b-b469212bff5b,6dbbbdf4-4589-11e9-a501-b469212bff5b,2019-04-18 20:20:07.491810,2019-04-18 21:15:40.825143,0.03858024690972222,16666666.666666668
6f1aed5a-458f-11e9-861a-b469212bff5b,6dbbbdf6-4589-11e9-95a2-b469212bff5b,aec3759a-5a15-11e9-9505-b469212bff5b,6dbbbdf5-4589-11e9-82b2-b469212bff5b,2019-04-18 21:15:40.825143,2019-04-18 21:50:35.990901,0.024249603680555558,5237914.395963831
6f1aed5a-458f-11e9-861a-b469212bff5b,6dbbbdf6-4589-11e9-95a2-b469212bff5b,aec3c3c0-5a15-11e9-85f1-b469212bff5b,6dbbbdf5-4589-11e9-82b2-b469212bff5b,2019-04-18 21:50:35.990901,2019-04-18 22:46:09.324235,0.038580246921296295,16666666.666666668
6f1aed5a-458f-11e9-861a-b469212bff5b,6dbbbdf6-4589-11e9-95a2-b469212bff5b,aec411de-5a15-11e9-a081-b469212bff5b,6dbbbdf4-4589-11e9-a501-b469212bff5b,2019-04-18 22:46:09.324235,2019-04-18 23:17:34.973417,0.021824643310185188,4714122.956367448
6f1aed5a-458f-11e9-861a-b469212bff5b,6dbbbdf6-4589-11e9-95a2-b469212bff5b,aec2d95c-5a15-11e9-b03b-b469212bff5b,6dbbbdf4-4589-11e9-a501-b469212bff5b,2019-04-18 23:17:34.973417,2019-04-19 00:13:08.306751,0.038580246921296295,16666666.666666668
6f1aed5a-458f-11e9-861a-b469212bff5b,6dbbbdf6-4589-11e9-95a2-b469212bff5b,aec3759a-5a15-11e9-9505-b469212bff5b,6dbbbdf5-4589-11e9-82b2-b469212bff5b,2019-04-19 00:13:08.306751,2019-04-19 00:48:03.472509,0.024249603680555558,5237914.395963831
6f1aed5a-458f-11e9-861a-b469212bff5b,6dbbbdf6-4589-11e9-95a2-b469212bff5b,aec3c3c0-5a15-11e9-85f1-b469212bff5b,6dbbbdf5-4589-11e9-82b2-b469212bff5b,2019-04-19 00:48:03.472509,2019-04-19 01:43:36.805842,0.03858024690972222,16666666.666666668
6f1aed5a-458f-11e9-861a-b469212bff5b,6dbbbdf6-4589-11e9-95a2-b469212bff5b,aec411de-5a15-11e9-a081-b469212bff5b,6dbbbdf4-4589-11e9-a501-b469212bff5b,2019-04-19 01:43:36.805842,2019-04-19 02:15:02.455025,0.02182464332175926,4714122.956367448
6f1aed5a-458f-11e9-861a-b469212bff5b,6dbbbdf6-4589-11e9-95a2-b469212bff5b,aec2d95c-5a15-11e9-b03b-b469212bff5b,6dbbbdf4-4589-11e9-a501-b469212bff5b,2019-04-19 02:15:02.455025,2019-04-19 03:10:35.788358,0.03858024690972222,16666666.666666668
6f1aed5a-458f-11e9-861a-b469212bff5b,6dbbbdf6-4589-11e9-95a2-b469212bff5b,aec3759a-5a15-11e9-9505-b469212bff5b,6dbbbdf5-4589-11e9-82b2-b469212bff5b,2019-04-19 03:10:35.788358,2019-04-19 03:45:30.954116,0.024249603680555558,5237914.395963831
6f1aed5a-458f-11e9-861a-b469212bff5b,6dbbbdf6-4589-11e9-95a2-b469212bff5b,aec3c3c0-5a15-11e9-85f1-b469212bff5b,6dbbbdf5-4589-11e9-82b2-b469212bff5b,2019-04-19 03:45:30.954116,2019-04-19 04:41:04.287450,0.038580246921296295,16666666.666666668
6f1aed5a-458f-11e9-861a-b469212bff5b,6dbbbdf6-4589-11e9-95a2-b469212bff5b,aec411de-5a15-11e9-a081-b469212bff5b,6dbbbdf4-4589-11e9-a501-b469212bff5b,2019-04-19 04:41:04.287450,2019-04-19 05:12:29.936632,0.021824643310185188,4714122.956367448
6f1aed5a-458f-11e9-861a-b469212bff5b,6dbbbdf6-4589-11e9-95a2-b469212bff5b,aec2d95c-5a15-11e9-b03b-b469212bff5b,6dbbbdf4-4589-11e9-a501-b469212bff5b,2019-04-19 05:12:29.936632,2019-04-19 06:08:03.269965,0.03858024690972222,16666666.666666668
6f1aed5a-458f-11e9-861a-b469212bff5b,6dbbbdf6-4589-11e9-95a2-b469212bff5b,aec3759a-5a15-11e9-9505-b469212bff5b,6dbbbdf5-4589-11e9-82b2-b469212bff5b,2019-04-19 06:08:03.269965,2019-04-19 06:42:58.435724,0.024249603692129633,5237914.395963831
6f1aed5a-458f-11e9-861a-b469212bff5b,6dbbbdf6-4589-11e9-95a2-b469212bff5b,aec3c3c0-5a15-11e9-85f1-b469212bff5b,6dbbbdf5-4589-11e9-82b2-b469212bff5b,2019-04-19 06:42:58.435724,2019-04-19 07:38:31.769057,0.03858024690972222,16666666.666666668
6f1aed5a-458f-11e9-861a-b469212bff5b,6dbbbdf6-4589-11e9-95a2-b469212bff5b,aec411de-5a15-11e9-a081-b469212bff5b,6dbbbdf4-4589-11e9-a501-b469212bff5b,2019-04-19 07:38:31.769057,2019-04-19 08:09:57.418240,0.02182464332175926,4714122.956367448
6f1aed5a-458f-11e9-861a-b469212bff5b,6dbbbdf6-4589-11e9-95a2-b469212bff5b,aec2d95c-5a15-11e9-b03b-b469212bff5b,6dbbbdf4-4589-11e9-a501-b469212bff5b,2019-04-19 08:09:57.418240,2019-04-19 09:05:30.751573,0.03858024690972222,16666666.666666668
6f1aed5a-458f-11e9-861a-b469212bff5b,6dbbbdf6-4589-11e9-95a2-b469212bff5b,aec3759a-5a15-11e9-9505-b469212bff5b,6dbbbdf5-4589-11e9-82b2-b469212bff5b,2019-04-19 09:05:30.751573,2019-04-19 09:40:25.917331,0.024249603680555558,5237914.395963831
6f1aed5a-458f-11e9-861a-b469212bff5b,6dbbbdf6-4589-11e9-95a2-b469212bff5b,aec3c3c0-5a15-11e9-85f1-b469212bff5b,6dbbbdf5-4589-11e9-82b2-b469212bff5b,2019-04-19 09:40:25.917331,2019-04-19 10:35:59.250664,0.03858024690972222,16666666.666666668
6f1aed5a-458f-11e9-861a-b469212bff5b,6dbbbdf6-4589-11e9-95a2-b469212bff5b,aec411de-5a15-11e9-a081-b469212bff5b,6dbbbdf4-4589-11e9-a501-b469212bff5b,2019-04-19 10:35:59.250664,2019-04-19 11:07:24.899847,0.02182464332175926,4714122.956367448
6f1aed5a-458f-11e9-861a-b469212bff5b,6dbbbdf6-4589-11e9-95a2-b469212bff5b,aec2d95c-5a15-11e9-b03b-b469212bff5b,6dbbbdf4-4589-11e9-a501-b469212bff5b,2019-04-19 11:07:24.899847,2019-04-19 12:02:58.233180,0.03858024690972222,16666666.666666668
6f1aed5a-458f-11e9-861a-b469212bff5b,6dbbbdf6-4589-11e9-95a2-b469212bff5b,aec3759a-5a15-11e9-9505-b469212bff5b,6dbbbdf5-4589-11e9-82b2-b469212bff5b,2019-04-19 12:02:58.233180,2019-04-19 12:37:53.398939,0.024249603692129633,5237914.395963831
6f1aed5a-458f-11e9-861a-b469212bff5b,6dbbbdf6-4589-11e9-95a2-b469212bff5b,aec3c3c0-5a15-11e9-85f1-b469212bff5b,6dbbbdf5-4589-11e9-82b2-b469212bff5b,2019-04-19 12:37:53.398939,2019-04-19 13:33:26.732272,0.03858024690972222,16666666.666666668
6f1aed5a-458f-11e9-861a-b469212bff5b,6dbbbdf6-4589-11e9-95a2-b469212bff5b,aec411de-5a15-11e9-a081-b469212bff5b,6dbbbdf4-4589-11e9-a501-b469212bff5b,2019-04-19 13:33:26.732272,2019-04-19 14:04:52.381454,0.021824643310185188,4714122.956367448
6f1aed5a-458f-11e9-861a-b469212bff5b,6dbbbdf6-4589-11e9-95a2-b469212bff5b,aec2d95c-5a15-11e9-b03b-b469212bff5b,6dbbbdf4-4589-11e9-a501-b469212bff5b,2019-04-19 14:04:52.381454,2019-04-19 15:00:25.714788,0.038580246921296295,16666666.666666668
6f1aed5a-458f-11e9-861a-b469212bff5b,6dbbbdf6-4589-11e9-95a2-b469212bff5b,aec3759a-5a15-11e9-9505-b469212bff5b,6dbbbdf5-4589-11e9-82b2-b469212bff5b,2019-04-19 15:00:25.714788,2019-04-19 15:35:20.880546,0.024249603680555558,5237914.395963831
6f1aed5a-458f-11e9-861a-b469212bff5b,6dbbbdf6-4589-11e9-95a2-b469212bff5b,aec3c3c0-5a15-11e9-85f1-b469212bff5b,6dbbbdf5-4589-11e9-82b2-b469212bff5b,2019-04-19 15:35:20.880546,2019-04-19 16:30:54.213879,0.03858024690972222,16666666.666666668
6f1aed5a-458f-11e9-861a-b469212bff5b,6dbbbdf6-4589-11e9-95a2-b469212bff5b,aec411de-5a15-11e9-a081-b469212bff5b,6dbbbdf4-4589-11e9-a501-b469212bff5b,2019-04-19 16:30:54.213879,2019-04-19 17:02:19.863062,0.02182464332175926,4714122.956367448
6f1aed5a-458f-11e9-861a-b469212bff5b,6dbbbdf6-4589-11e9-95a2-b469212bff5b,aec2d95c-5a15-11e9-b03b-b469212bff5b,6dbbbdf4-4589-11e9-a501-b469212bff5b,2019-04-19 17:02:19.863062,2019-04-19 17:57:53.196395,0.03858024690972222,16666666.666666668
6f1aed5a-458f-11e9-861a-b469212bff5b,6dbbbdf6-4589-11e9-95a2-b469212bff5b,aec3759a-5a15-11e9-9505-b469212bff5b,6dbbbdf5-4589-11e9-82b2-b469212bff5b,2019-04-19 17:57:53.196395,2019-04-19 18:32:48.362154,0.024249603692129633,5237914.395963831
6f1aed5a-458f-11e9-861a-b469212bff5b,6dbbbdf6-4589-11e9-95a2-b469212bff5b,aec3c3c0-5a15-11e9-85f1-b469212bff5b,6dbbbdf5-4589-11e9-82b2-b469212bff5b,2019-04-19 18:32:48.362154,2019-04-19 19:28:21.695487,0.03858024690972222,16666666.666666668
6f1aed5a-458f-11e9-861a-b469212bff5b,6dbbbdf6-4589-11e9-95a2-b469212bff5b,aec411de-5a15-11e9-a081-b469212bff5b,6dbbbdf4-4589-11e9-a501-b469212bff5b,2019-04-19 19:28:21.695487,2019-04-19 19:59:47.344669,0.021824643310185188,4714122.956367448
6f1aed5a-458f-11e9-861a-b469212bff5b,6dbbbdf6-4589-11e9-95a2-b469212bff5b,aec2d95c-5a15-11e9-b03b-b469212bff5b,6dbbbdf4-4589-11e9-a501-b469212bff5b,2019-04-19 19:59:47.344669,2019-04-19 20:55:20.678003,0.038580246921296295,16666666.666666668
6f1aed5a-458f-11e9-861a-b469212bff5b,6dbbbdf6-4589-11e9-95a2-b469212bff5b,aec3759a-5a15-11e9-9505-b469212bff5b,6dbbbdf5-4589-11e9-82b2-b469212bff5b,2019-04-19 20:55:20.678003,2019-04-19 21:30:15.843761,0.024249603680555558,5237914.395963831
6f1aed5a-458f-11e9-861a-b469212bff5b,6dbbbdf6-4589-11e9-95a2-b469212bff5b,aec3c3c0-5a15-11e9-85f1-b469212bff5b,6dbbbdf5-4589-11e9-82b2-b469212bff5b,2019-04-19 21:30:15.843761,2019-04-19 22:25:49.177094,0.03858024690972222,16666666.666666668
6f1aed5a-458f-11e9-861a-b469212bff5b,6dbbbdf6-4589-11e9-95a2-b469212bff5b,aec411de-5a15-11e9-a081-b469212bff5b,6dbbbdf4-4589-11e9-a501-b469212bff5b,2019-04-19 22:25:49.177094,2019-04-19 22:57:14.826277,0.02182464332175926,4714122.956367448
6f1aed5a-458f-11e9-861a-b469212bff5b,6dbbbdf6-4589-11e9-95a2-b469212bff5b,aec2d95c-5a15-11e9-b03b-b469212bff5b,6dbbbdf4-4589-11e9-a501-b469212bff5b,2019-04-19 22:57:14.826277,2019-04-19 23:52:48.159610,0.03858024690972222,16666666.666666668
6f1aed5a-458f-11e9-861a-b469212bff5b,6dbbbdf6-4589-11e9-95a2-b469212bff5b,aec3759a-5a15-11e9-9505-b469212bff5b,6dbbbdf5-4589-11e9-82b2-b469212bff5b,2019-04-19 23:52:48.159610,2019-04-20 00:27:43.325368,0.024249603680555558,5237914.395963831
6f1aed5a-458f-11e9-861a-b469212bff5b,6dbbbdf6-4589-11e9-95a2-b469212bff5b,aec3c3c0-5a15-11e9-85f1-b469212bff5b,6dbbbdf5-4589-11e9-82b2-b469212bff5b,2019-04-20 00:27:43.325368,2019-04-20 01:23:16.658702,0.038580246921296295,16666666.666666668
6f1aed5a-458f-11e9-861a-b469212bff5b,6dbbbdf6-4589-11e9-95a2-b469212bff5b,aec411de-5a15-11e9-a081-b469212bff5b,6dbbbdf4-4589-11e9-a501-b469212bff5b,2019-04-20 01:23:16.658702,2019-04-20 01:54:42.307884,0.021824643310185188,4714122.956367448
6f1aed5a-458f-11e9-861a-b469212bff5b,6dbbbdf6-4589-11e9-95a2-b469212bff5b,aec2d95c-5a15-11e9-b03b-b469212bff5b,6dbbbdf4-4589-11e9-a501-b469212bff5b,2019-04-20 01:54:42.307884,2019-04-20 02:50:15.641217,0.03858024690972222,16666666.666666668
6f1aed5a-458f-11e9-861a-b469212bff5b,6dbbbdf6-4589-11e9-95a2-b469212bff5b,aec3759a-5a15-11e9-9505-b469212bff5b,6dbbbdf5-4589-11e9-82b2-b469212bff5b,2019-04-20 02:50:15.641217,2019-04-20 03:25:10.806976,0.024249603692129633,5237914.395963831
6f1aed5a-458f-11e9-861a-b469212bff5b,6dbbbdf6-4589-11e9-95a2-b469212bff5b,aec3c3c0-5a15-11e9-85f1-b469212bff5b,6dbbbdf5-4589-11e9-82b2-b469212bff5b,2019-04-20 03:25:10.806976,2019-04-20 04:20:44.140309,0.03858024690972222,16666666.666666668
6f1aed5a-458f-11e9-861a-b469212bff5b,6dbbbdf6-4589-11e9-95a2-b469212bff5b,aec411de-5a15-11e9-a081-b469212bff5b,6dbbbdf4-4589-11e9-a501-b469212bff5b,2019-04-20 04:20:44.140309,2019-04-20 04:52:09.789492,0.02182464332175926,4714122.956367448
6f1aed5a-458f-11e9-861a-b469212bff5b,6dbbbdf6-4589-11e9-95a2-b469212bff5b,aec2d95c-5a15-11e9-b03b-b469212bff5b,6dbbbdf4-4589-11e9-a501-b469212bff5b,2019-04-20 04:52:09.789492,2019-04-20 05:47:43.122825,0.03858024690972222,16666666.666666668
6f1aed5a-458f-11e9-861a-b469212bff5b,6dbbbdf6-4589-11e9-95a2-b469212bff5b,aec3759a-5a15-11e9-9505-b469212bff5b,6dbbbdf5-4589-11e9-82b2-b469212bff5b,2019-04-20 05:47:43.122825,2019-04-20 06:22:38.288583,0.024249603680555558,5237914.395963831
6f1aed5a-458f-11e9-861a-b469212bff5b,6dbbbdf6-4589-11e9-95a2-b469212bff5b,aec3c3c0-5a15-11e9-85f1-b469212bff5b,6dbbbdf5-4589-11e9-82b2-b469212bff5b,2019-04-20 06:22:38.288583,2019-04-20 07:18:11.621917,0.038580246921296295,16666666.666666668
6f1aed5a-458f-11e9-861a-b469212bff5b,6dbbbdf6-4589-11e9-95a2-b469212bff5b,aec411de-5a15-11e9-a081-b469212bff5b,6dbbbdf4-4589-11e9-a501-b469212bff5b,2019-04-20 07:18:11.621917,2019-04-20 07:49:37.271099,0.021824643310185188,4714122.956367448
6f1aed5a-458f-11e9-861a-b469212bff5b,6dbbbdf6-4589-11e9-95a2-b469212bff5b,aec2d95c-5a15-11e9-b03b-b469212bff5b,6dbbbdf4-4589-11e9-a501-b469212bff5b,2019-04-20 07:49:37.271099,2019-04-20 08:45:10.604432,0.03858024690972222,16666666.666666668
6f1aed5a-458f-11e9-861a-b469212bff5b,6dbbbdf6-4589-11e9-95a2-b469212bff5b,aec3759a-5a15-11e9-9505-b469212bff5b,6dbbbdf5-4589-11e9-82b2-b469212bff5b,2019-04-20 08:45:10.604432,2019-04-20 09:20:05.770191,0.024249603692129633,5237914.395963831
6f1aed5a-458f-11e9-861a-b469212bff5b,6dbbbdf6-4589-11e9-95a2-b469212bff5b,aec3c3c0-5a15-11e9-85f1-b469212bff5b,6dbbbdf5-4589-11e9-82b2-b469212bff5b,2019-04-20 09:20:05.770191,2019-04-20 10:15:39.103524,0.03858024690972222,16666666.666666668
6f1aed5a-458f-11e9-861a-b469212bff5b,6dbbbdf6-4589-11e9-95a2-b469212bff5b,aec411de-5a15-11e9-a081-b469212bff5b,6dbbbdf4-4589-11e9-a501-b469212bff5b,2019-04-20 10:15:39.103524,2019-04-20 10:47:04.752707,0.02182464332175926,4714122.956367448
6f1aed5a-458f-11e9-861a-b469212bff5b,6dbbbdf6-4589-11e9-95a2-b469212bff5b,aec2d95c-5a15-11e9-b03b-b469212bff5b,6dbbbdf4-4589-11e9-a501-b469212bff5b,2019-04-20 10:47:04.752707,2019-04-20 11:42:38.086040,0.03858024690972222,16666666.666666668
6f1aed5a-458f-11e9-861a-b469212bff5b,6dbbbdf6-4589-11e9-95a2-b469212bff5b,aec3759a-5a15-11e9-9505-b469212bff5b,6dbbbdf5-4589-11e9-82b2-b469212bff5b,2019-04-20 11:42:38.086040,2019-04-20 12:17:33.251798,0.024249603680555558,5237914.395963831
6f1aed5a-458f-11e9-861a-b469212bff5b,6dbbbdf6-4589-11e9-95a2-b469212bff5b,aec3c3c0-5a15-11e9-85f1-b469212bff5b,6dbbbdf5-4589-11e9-82b2-b469212bff5b,2019-04-20 12:17:33.251798,2019-04-20 13:13:06.585131,0.03858024690972222,16666666.666666668
6f1aed5a-458f-11e9-861a-b469212bff5b,6dbbbdf6-4589-11e9-95a2-b469212bff5b,aec411de-5a15-11e9-a081-b469212bff5b,6dbbbdf4-4589-11e9-a501-b469212bff5b,2019-04-20 13:13:06.585131,2019-04-20 13:44:32.234314,0.02182464332175926,4714122.956367448
6f1aed5a-458f-11e9-861a-b469212bff5b,6dbbbdf6-4589-11e9-95a2-b469212bff5b,aec2d95c-5a15-11e9-b03b-b469212bff5b,6dbbbdf4-4589-11e9-a501-b469212bff5b,2019-04-20 13:44:32.234314,2019-04-20 14:40:05.567647,0.03858024690972222,16666666.666666668
6f1aed5a-458f-11e9-861a-b469212bff5b,6dbbbdf6-4589-11e9-95a2-b469212bff5b,aec3759a-5a15-11e9-9505-b469212bff5b,6dbbbdf5-4589-11e9-82b2-b469212bff5b,2019-04-20 14:40:05.567647,2019-04-20 15:15:00.733406,0.024249603692129633,5237914.395963831
6f1aed5a-458f-11e9-861a-b469212bff5b,6dbbbdf6-4589-11e9-95a2-b469212bff5b,aec3c3c0-5a15-11e9-85f1-b469212bff5b,6dbbbdf5-4589-11e9-82b2-b469212bff5b,2019-04-20 15:15:00.733406,2019-04-20 16:10:34.066739,0.03858024690972222,16666666.666666668
6f1aed5a-458f-11e9-861a-b469212bff5b,6dbbbdf6-4589-11e9-95a2-b469212bff5b,aec411de-5a15-11e9-a081-b469212bff5b,6dbbbdf4-4589-11e9-a501-b469212bff5b,2019-04-20 16:10:34.066739,2019-04-20 16:41:59.715921,0.021824643310185188,4714122.956367448
6f1aed5a-458f-11e9-861a-b469212bff5b,6dbbbdf6-4589-11e9-95a2-b469212bff5b,aec2d95c-5a15-11e9-b03b-b469212bff5b,6dbbbdf4-4589-11e9-a501-b469212bff5b,2019-04-20 16:41:59.715921,2019-04-20 17:37:33.049255,0.038580246921296295,16666666.666666668
6f1aed5a-458f-11e9-861a-b469212bff5b,6dbbbdf6-4589-11e9-95a2-b469212bff5b,aec3759a-5a15-11e9-9505-b469212bff5b,6dbbbdf5-4589-11e9-82b2-b469212bff5b,2019-04-20 17:37:33.049255,2019-04-20 18:12:28.215013,0.024249603680555558,5237914.395963831
6f1aed5a-458f-11e9-861a-b469212bff5b,6dbbbdf6-4589-11e9-95a2-b469212bff5b,aec3c3c0-5a15-11e9-85f1-b469212bff5b,6dbbbdf5-4589-11e9-82b2-b469212bff5b,2019-04-20 18:12:28.215013,2019-04-20 19:08:01.548346,0.03858024690972222,16666666.666666668
6f1aed5a-458f-11e9-861a-b469212bff5b,6dbbbdf6-4589-11e9-95a2-b469212bff5b,aec411de-5a15-11e9-a081-b469212bff5b,6dbbbdf4-4589-11e9-a501-b469212bff5b,2019-04-20 19:08:01.548346,2019-04-20 19:39:27.197529,0.02182464332175926,4714122.956367448
6f1aed5a-458f-11e9-861a-b469212bff5b,6dbbbdf6-4589-11e9-95a2-b469212bff5b,aec2d95c-5a15-11e9-b03b-b469212bff5b,6dbbbdf4-4589-11e9-a501-b469212bff5b,2019-04-20 19:39:27.197529,2019-04-20 20:35:00.530862,0.03858024690972222,16666666.666666668
6f1aed5a-458f-11e9-861a-b469212bff5b,6dbbbdf6-4589-11e9-95a2-b469212bff5b,aec3759a-5a15-11e9-9505-b469212bff5b,6dbbbdf5-4589-11e9-82b2-b469212bff5b,2019-04-20 20:35:00.530862,2019-04-20 21:09:55.696620,0.024249603680555558,5237914.395963831
6f1aed5a-458f-11e9-861a-b469212bff5b,6dbbbdf6-4589-11e9-95a2-b469212bff5b,aec3c3c0-5a15-11e9-85f1-b469212bff5b,6dbbbdf5-4589-11e9-82b2-b469212bff5b,2019-04-20 21:09:55.696620,2019-04-20 22:05:29.029954,0.038580246921296295,16666666.666666668
6f1aed5a-458f-11e9-861a-b469212bff5b,6dbbbdf6-4589-11e9-95a2-b469212bff5b,aec411de-5a15-11e9-a081-b469212bff5b,6dbbbdf4-4589-11e9-a501-b469212bff5b,2019-04-20 22:05:29.029954,2019-04-20 22:36:54.679136,0.021824643310185188,4714122.956367448
6f1aed5a-458f-11e9-861a-b469212bff5b,6dbbbdf6-4589-11e9-95a2-b469212bff5b,aec2d95c-5a15-11e9-b03b-b469212bff5b,6dbbbdf4-4589-11e9-a501-b469212bff5b,2019-04-20 22:36:54.679136,2019-04-20 23:32:28.012470,0.038580246921296295,16666666.666666668
6f1aed5a-458f-11e9-861a-b469212bff5b,6dbbbdf6-4589-11e9-95a2-b469212bff5b,aec3759a-5a15-11e9-9505-b469212bff5b,6dbbbdf5-4589-11e9-82b2-b469212bff5b,2019-04-20 23:32:28.012470,2019-04-21 00:07:23.178228,0.024249603680555558,5237914.395963831
6f1aed5a-458f-11e9-861a-b469212bff5b,6dbbbdf6-4589-11e9-95a2-b469212bff5b,aec3c3c0-5a15-11e9-85f1-b469212bff5b,6dbbbdf5-4589-11e9-82b2-b469212bff5b,2019-04-21 00:07:23.178228,2019-04-21 01:02:56.511561,0.03858024690972222,16666666.666666668
