SimulationID,ObjectID,EventID,Start,Stop,Value,Longitude start,Latitude start,Longitude stop,Latitude stop,Duration
1ad9cb7a-4570-11e9-9c61-b469212bff5b,6dbbbdf6-4589-11e9-95a2-b469212bff5b,de0132fe-45a2-11e9-9f7b-b469212bff5b,2019-03-13 16:15:40.000000,2019-03-13 17:11:13.333333,5000.0,4.18055556,52.18664444,4.18055556,52.18664444,0.03858024690972222
1ad9cb7a-4570-11e9-9c61-b469212bff5b,6dbbbdf6-4589-11e9-95a2-b469212bff5b,de018122-45a2-11e9-b2cc-b469212bff5b,2019-03-13 17:11:13.333333,2019-03-13 17:46:08.499092,5000.0,4.18055556,52.18664444,4.25222222,52.11428333,0.02424960369212963
1ad9cb7a-4570-11e9-9c61-b469212bff5b,6dbbbdf6-4589-11e9-95a2-b469212bff5b,de01aa06-45a2-11e9-85ab-b469212bff5b,2019-03-13 17:46:08.499092,2019-03-13 18:41:41.832425,0.0,4.25222222,52.11428333,4.25222222,52.11428333,0.03858024690972222
1ad9cb7a-4570-11e9-9c61-b469212bff5b,6dbbbdf6-4589-11e9-95a2-b469212bff5b,de01d0ec-45a2-11e9-a9ca-b469212bff5b,2019-03-13 18:41:41.832425,2019-03-13 19:13:07.481607,0.0,4.25222222,52.11428333,4.18055556,52.18664444,0.021824643310185188
1ad9cb7a-4570-11e9-9c61-b469212bff5b,6dbbbdf6-4589-11e9-95a2-b469212bff5b,de0132fe-45a2-11e9-9f7b-b469212bff5b,2019-03-13 19:13:07.481607,2019-03-13 20:08:40.814941,5000.0,4.18055556,52.18664444,4.18055556,52.18664444,0.038580246921296295
1ad9cb7a-4570-11e9-9c61-b469212bff5b,6dbbbdf6-4589-11e9-95a2-b469212bff5b,de018122-45a2-11e9-b2cc-b469212bff5b,2019-03-13 20:08:40.814941,2019-03-13 20:43:35.980699,5000.0,4.18055556,52.18664444,4.25222222,52.11428333,0.024249603680555554
1ad9cb7a-4570-11e9-9c61-b469212bff5b,6dbbbdf6-4589-11e9-95a2-b469212bff5b,de01aa06-45a2-11e9-85ab-b469212bff5b,2019-03-13 20:43:35.980699,2019-03-13 21:39:09.314032,0.0,4.25222222,52.11428333,4.25222222,52.11428333,0.03858024690972222
1ad9cb7a-4570-11e9-9c61-b469212bff5b,6dbbbdf6-4589-11e9-95a2-b469212bff5b,de01d0ec-45a2-11e9-a9ca-b469212bff5b,2019-03-13 21:39:09.314032,2019-03-13 22:10:34.963215,0.0,4.25222222,52.11428333,4.18055556,52.18664444,0.02182464332175926
1ad9cb7a-4570-11e9-9c61-b469212bff5b,6dbbbdf6-4589-11e9-95a2-b469212bff5b,de0132fe-45a2-11e9-9f7b-b469212bff5b,2019-03-13 22:10:34.963215,2019-03-13 23:06:08.296548,5000.0,4.18055556,52.18664444,4.18055556,52.18664444,0.03858024690972222
1ad9cb7a-4570-11e9-9c61-b469212bff5b,6dbbbdf6-4589-11e9-95a2-b469212bff5b,de018122-45a2-11e9-b2cc-b469212bff5b,2019-03-13 23:06:08.296548,2019-03-13 23:41:03.462306,5000.0,4.18055556,52.18664444,4.25222222,52.11428333,0.024249603680555554
1ad9cb7a-4570-11e9-9c61-b469212bff5b,6dbbbdf6-4589-11e9-95a2-b469212bff5b,de01aa06-45a2-11e9-85ab-b469212bff5b,2019-03-13 23:41:03.462306,2019-03-14 00:36:36.795640,0.0,4.25222222,52.11428333,4.25222222,52.11428333,0.038580246921296295
1ad9cb7a-4570-11e9-9c61-b469212bff5b,6dbbbdf6-4589-11e9-95a2-b469212bff5b,de01d0ec-45a2-11e9-a9ca-b469212bff5b,2019-03-14 00:36:36.795640,2019-03-14 01:08:02.444822,0.0,4.25222222,52.11428333,4.18055556,52.18664444,0.021824643310185188
1ad9cb7a-4570-11e9-9c61-b469212bff5b,6dbbbdf6-4589-11e9-95a2-b469212bff5b,de0132fe-45a2-11e9-9f7b-b469212bff5b,2019-03-14 01:08:02.444822,2019-03-14 02:03:35.778156,5000.0,4.18055556,52.18664444,4.18055556,52.18664444,0.038580246921296295
1ad9cb7a-4570-11e9-9c61-b469212bff5b,6dbbbdf6-4589-11e9-95a2-b469212bff5b,de018122-45a2-11e9-b2cc-b469212bff5b,2019-03-14 02:03:35.778156,2019-03-14 02:38:30.943914,5000.0,4.18055556,52.18664444,4.25222222,52.11428333,0.024249603680555554
1ad9cb7a-4570-11e9-9c61-b469212bff5b,6dbbbdf6-4589-11e9-95a2-b469212bff5b,de01aa06-45a2-11e9-85ab-b469212bff5b,2019-03-14 02:38:30.943914,2019-03-14 03:34:04.277247,0.0,4.25222222,52.11428333,4.25222222,52.11428333,0.03858024690972222
1ad9cb7a-4570-11e9-9c61-b469212bff5b,6dbbbdf6-4589-11e9-95a2-b469212bff5b,de01d0ec-45a2-11e9-a9ca-b469212bff5b,2019-03-14 03:34:04.277247,2019-03-14 04:05:29.926430,0.0,4.25222222,52.11428333,4.18055556,52.18664444,0.02182464332175926
1ad9cb7a-4570-11e9-9c61-b469212bff5b,6dbbbdf6-4589-11e9-95a2-b469212bff5b,de0132fe-45a2-11e9-9f7b-b469212bff5b,2019-03-14 04:05:29.926430,2019-03-14 05:01:03.259763,5000.0,4.18055556,52.18664444,4.18055556,52.18664444,0.03858024690972222
1ad9cb7a-4570-11e9-9c61-b469212bff5b,6dbbbdf6-4589-11e9-95a2-b469212bff5b,de018122-45a2-11e9-b2cc-b469212bff5b,2019-03-14 05:01:03.259763,2019-03-14 05:35:58.425521,5000.0,4.18055556,52.18664444,4.25222222,52.11428333,0.024249603680555554
1ad9cb7a-4570-11e9-9c61-b469212bff5b,6dbbbdf6-4589-11e9-95a2-b469212bff5b,de01aa06-45a2-11e9-85ab-b469212bff5b,2019-03-14 05:35:58.425521,2019-03-14 06:31:31.758855,0.0,4.25222222,52.11428333,4.25222222,52.11428333,0.038580246921296295
1ad9cb7a-4570-11e9-9c61-b469212bff5b,6dbbbdf6-4589-11e9-95a2-b469212bff5b,de01d0ec-45a2-11e9-a9ca-b469212bff5b,2019-03-14 06:31:31.758855,2019-03-14 07:02:57.408037,0.0,4.25222222,52.11428333,4.18055556,52.18664444,0.021824643310185188
1ad9cb7a-4570-11e9-9c61-b469212bff5b,6dbbbdf6-4589-11e9-95a2-b469212bff5b,de0132fe-45a2-11e9-9f7b-b469212bff5b,2019-03-14 07:02:57.408037,2019-03-14 07:58:30.741370,5000.0,4.18055556,52.18664444,4.18055556,52.18664444,0.03858024690972222
1ad9cb7a-4570-11e9-9c61-b469212bff5b,6dbbbdf6-4589-11e9-95a2-b469212bff5b,de018122-45a2-11e9-b2cc-b469212bff5b,2019-03-14 07:58:30.741370,2019-03-14 08:33:25.907129,5000.0,4.18055556,52.18664444,4.25222222,52.11428333,0.02424960369212963
1ad9cb7a-4570-11e9-9c61-b469212bff5b,6dbbbdf6-4589-11e9-95a2-b469212bff5b,de01aa06-45a2-11e9-85ab-b469212bff5b,2019-03-14 08:33:25.907129,2019-03-14 09:28:59.240462,0.0,4.25222222,52.11428333,4.25222222,52.11428333,0.03858024690972222
1ad9cb7a-4570-11e9-9c61-b469212bff5b,6dbbbdf6-4589-11e9-95a2-b469212bff5b,de01d0ec-45a2-11e9-a9ca-b469212bff5b,2019-03-14 09:28:59.240462,2019-03-14 10:00:24.889645,0.0,4.25222222,52.11428333,4.18055556,52.18664444,0.02182464332175926
1ad9cb7a-4570-11e9-9c61-b469212bff5b,6dbbbdf6-4589-11e9-95a2-b469212bff5b,de0132fe-45a2-11e9-9f7b-b469212bff5b,2019-03-14 10:00:24.889645,2019-03-14 10:55:58.222978,5000.0,4.18055556,52.18664444,4.18055556,52.18664444,0.03858024690972222
1ad9cb7a-4570-11e9-9c61-b469212bff5b,6dbbbdf6-4589-11e9-95a2-b469212bff5b,de018122-45a2-11e9-b2cc-b469212bff5b,2019-03-14 10:55:58.222978,2019-03-14 11:30:53.388736,5000.0,4.18055556,52.18664444,4.25222222,52.11428333,0.024249603680555554
1ad9cb7a-4570-11e9-9c61-b469212bff5b,6dbbbdf6-4589-11e9-95a2-b469212bff5b,de01aa06-45a2-11e9-85ab-b469212bff5b,2019-03-14 11:30:53.388736,2019-03-14 12:26:26.722070,0.0,4.25222222,52.11428333,4.25222222,52.11428333,0.038580246921296295
1ad9cb7a-4570-11e9-9c61-b469212bff5b,6dbbbdf6-4589-11e9-95a2-b469212bff5b,de01d0ec-45a2-11e9-a9ca-b469212bff5b,2019-03-14 12:26:26.722070,2019-03-14 12:57:52.371252,0.0,4.25222222,52.11428333,4.18055556,52.18664444,0.021824643310185188
1ad9cb7a-4570-11e9-9c61-b469212bff5b,6dbbbdf6-4589-11e9-95a2-b469212bff5b,de0132fe-45a2-11e9-9f7b-b469212bff5b,2019-03-14 12:57:52.371252,2019-03-14 13:53:25.704585,5000.0,4.18055556,52.18664444,4.18055556,52.18664444,0.03858024690972222
1ad9cb7a-4570-11e9-9c61-b469212bff5b,6dbbbdf6-4589-11e9-95a2-b469212bff5b,de018122-45a2-11e9-b2cc-b469212bff5b,2019-03-14 13:53:25.704585,2019-03-14 14:28:20.870344,5000.0,4.18055556,52.18664444,4.25222222,52.11428333,0.02424960369212963
1ad9cb7a-4570-11e9-9c61-b469212bff5b,6dbbbdf6-4589-11e9-95a2-b469212bff5b,de01aa06-45a2-11e9-85ab-b469212bff5b,2019-03-14 14:28:20.870344,2019-03-14 15:23:54.203677,0.0,4.25222222,52.11428333,4.25222222,52.11428333,0.03858024690972222
1ad9cb7a-4570-11e9-9c61-b469212bff5b,6dbbbdf6-4589-11e9-95a2-b469212bff5b,de01d0ec-45a2-11e9-a9ca-b469212bff5b,2019-03-14 15:23:54.203677,2019-03-14 15:55:19.852859,0.0,4.25222222,52.11428333,4.18055556,52.18664444,0.021824643310185188
1ad9cb7a-4570-11e9-9c61-b469212bff5b,6dbbbdf6-4589-11e9-95a2-b469212bff5b,de0132fe-45a2-11e9-9f7b-b469212bff5b,2019-03-14 15:55:19.852859,2019-03-14 16:50:53.186193,5000.0,4.18055556,52.18664444,4.18055556,52.18664444,0.038580246921296295
1ad9cb7a-4570-11e9-9c61-b469212bff5b,6dbbbdf6-4589-11e9-95a2-b469212bff5b,de018122-45a2-11e9-b2cc-b469212bff5b,2019-03-14 16:50:53.186193,2019-03-14 17:25:48.351951,5000.0,4.18055556,52.18664444,4.25222222,52.11428333,0.024249603680555554
1ad9cb7a-4570-11e9-9c61-b469212bff5b,6dbbbdf6-4589-11e9-95a2-b469212bff5b,de01aa06-45a2-11e9-85ab-b469212bff5b,2019-03-14 17:25:48.351951,2019-03-14 18:21:21.685284,0.0,4.25222222,52.11428333,4.25222222,52.11428333,0.03858024690972222
1ad9cb7a-4570-11e9-9c61-b469212bff5b,6dbbbdf6-4589-11e9-95a2-b469212bff5b,de01d0ec-45a2-11e9-a9ca-b469212bff5b,2019-03-14 18:21:21.685284,2019-03-14 18:52:47.334467,0.0,4.25222222,52.11428333,4.18055556,52.18664444,0.02182464332175926
1ad9cb7a-4570-11e9-9c61-b469212bff5b,6dbbbdf6-4589-11e9-95a2-b469212bff5b,de0132fe-45a2-11e9-9f7b-b469212bff5b,2019-03-14 18:52:47.334467,2019-03-14 19:48:20.667800,5000.0,4.18055556,52.18664444,4.18055556,52.18664444,0.03858024690972222
1ad9cb7a-4570-11e9-9c61-b469212bff5b,6dbbbdf6-4589-11e9-95a2-b469212bff5b,de018122-45a2-11e9-b2cc-b469212bff5b,2019-03-14 19:48:20.667800,2019-03-14 20:23:15.833559,5000.0,4.18055556,52.18664444,4.25222222,52.11428333,0.02424960369212963
1ad9cb7a-4570-11e9-9c61-b469212bff5b,6dbbbdf6-4589-11e9-95a2-b469212bff5b,de01aa06-45a2-11e9-85ab-b469212bff5b,2019-03-14 20:23:15.833559,2019-03-14 21:18:49.166892,0.0,4.25222222,52.11428333,4.25222222,52.11428333,0.03858024690972222
1ad9cb7a-4570-11e9-9c61-b469212bff5b,6dbbbdf6-4589-11e9-95a2-b469212bff5b,de01d0ec-45a2-11e9-a9ca-b469212bff5b,2019-03-14 21:18:49.166892,2019-03-14 21:50:14.816074,0.0,4.25222222,52.11428333,4.18055556,52.18664444,0.021824643310185188
1ad9cb7a-4570-11e9-9c61-b469212bff5b,6dbbbdf6-4589-11e9-95a2-b469212bff5b,de0132fe-45a2-11e9-9f7b-b469212bff5b,2019-03-14 21:50:14.816074,2019-03-14 22:45:48.149408,5000.0,4.18055556,52.18664444,4.18055556,52.18664444,0.038580246921296295
1ad9cb7a-4570-11e9-9c61-b469212bff5b,6dbbbdf6-4589-11e9-95a2-b469212bff5b,de018122-45a2-11e9-b2cc-b469212bff5b,2019-03-14 22:45:48.149408,2019-03-14 23:20:43.315166,5000.0,4.18055556,52.18664444,4.25222222,52.11428333,0.024249603680555554
1ad9cb7a-4570-11e9-9c61-b469212bff5b,6dbbbdf6-4589-11e9-95a2-b469212bff5b,de01aa06-45a2-11e9-85ab-b469212bff5b,2019-03-14 23:20:43.315166,2019-03-15 00:16:16.648499,0.0,4.25222222,52.11428333,4.25222222,52.11428333,0.03858024690972222
1ad9cb7a-4570-11e9-9c61-b469212bff5b,6dbbbdf6-4589-11e9-95a2-b469212bff5b,de01d0ec-45a2-11e9-a9ca-b469212bff5b,2019-03-15 00:16:16.648499,2019-03-15 00:47:42.297682,0.0,4.25222222,52.11428333,4.18055556,52.18664444,0.02182464332175926
1ad9cb7a-4570-11e9-9c61-b469212bff5b,6dbbbdf6-4589-11e9-95a2-b469212bff5b,de0132fe-45a2-11e9-9f7b-b469212bff5b,2019-03-15 00:47:42.297682,2019-03-15 01:43:15.631015,5000.0,4.18055556,52.18664444,4.18055556,52.18664444,0.03858024690972222
1ad9cb7a-4570-11e9-9c61-b469212bff5b,6dbbbdf6-4589-11e9-95a2-b469212bff5b,de018122-45a2-11e9-b2cc-b469212bff5b,2019-03-15 01:43:15.631015,2019-03-15 02:18:10.796773,5000.0,4.18055556,52.18664444,4.25222222,52.11428333,0.024249603680555554
1ad9cb7a-4570-11e9-9c61-b469212bff5b,6dbbbdf6-4589-11e9-95a2-b469212bff5b,de01aa06-45a2-11e9-85ab-b469212bff5b,2019-03-15 02:18:10.796773,2019-03-15 03:13:44.130107,0.0,4.25222222,52.11428333,4.25222222,52.11428333,0.038580246921296295
1ad9cb7a-4570-11e9-9c61-b469212bff5b,6dbbbdf6-4589-11e9-95a2-b469212bff5b,de01d0ec-45a2-11e9-a9ca-b469212bff5b,2019-03-15 03:13:44.130107,2019-03-15 03:45:09.779289,0.0,4.25222222,52.11428333,4.18055556,52.18664444,0.021824643310185188
1ad9cb7a-4570-11e9-9c61-b469212bff5b,6dbbbdf6-4589-11e9-95a2-b469212bff5b,de0132fe-45a2-11e9-9f7b-b469212bff5b,2019-03-15 03:45:09.779289,2019-03-15 04:40:43.112622,5000.0,4.18055556,52.18664444,4.18055556,52.18664444,0.03858024690972222
1ad9cb7a-4570-11e9-9c61-b469212bff5b,6dbbbdf6-4589-11e9-95a2-b469212bff5b,de018122-45a2-11e9-b2cc-b469212bff5b,2019-03-15 04:40:43.112622,2019-03-15 05:15:38.278381,5000.0,4.18055556,52.18664444,4.25222222,52.11428333,0.02424960369212963
1ad9cb7a-4570-11e9-9c61-b469212bff5b,6dbbbdf6-4589-11e9-95a2-b469212bff5b,de01aa06-45a2-11e9-85ab-b469212bff5b,2019-03-15 05:15:38.278381,2019-03-15 06:11:11.611714,0.0,4.25222222,52.11428333,4.25222222,52.11428333,0.03858024690972222
1ad9cb7a-4570-11e9-9c61-b469212bff5b,6dbbbdf6-4589-11e9-95a2-b469212bff5b,de01d0ec-45a2-11e9-a9ca-b469212bff5b,2019-03-15 06:11:11.611714,2019-03-15 06:42:37.260897,0.0,4.25222222,52.11428333,4.18055556,52.18664444,0.02182464332175926
1ad9cb7a-4570-11e9-9c61-b469212bff5b,6dbbbdf6-4589-11e9-95a2-b469212bff5b,de0132fe-45a2-11e9-9f7b-b469212bff5b,2019-03-15 06:42:37.260897,2019-03-15 07:38:10.594230,5000.0,4.18055556,52.18664444,4.18055556,52.18664444,0.03858024690972222
1ad9cb7a-4570-11e9-9c61-b469212bff5b,6dbbbdf6-4589-11e9-95a2-b469212bff5b,de018122-45a2-11e9-b2cc-b469212bff5b,2019-03-15 07:38:10.594230,2019-03-15 08:13:05.759988,5000.0,4.18055556,52.18664444,4.25222222,52.11428333,0.024249603680555554
1ad9cb7a-4570-11e9-9c61-b469212bff5b,6dbbbdf6-4589-11e9-95a2-b469212bff5b,de01aa06-45a2-11e9-85ab-b469212bff5b,2019-03-15 08:13:05.759988,2019-03-15 09:08:39.093322,0.0,4.25222222,52.11428333,4.25222222,52.11428333,0.038580246921296295
1ad9cb7a-4570-11e9-9c61-b469212bff5b,6dbbbdf6-4589-11e9-95a2-b469212bff5b,de01d0ec-45a2-11e9-a9ca-b469212bff5b,2019-03-15 09:08:39.093322,2019-03-15 09:40:04.742504,0.0,4.25222222,52.11428333,4.18055556,52.18664444,0.021824643310185188
1ad9cb7a-4570-11e9-9c61-b469212bff5b,6dbbbdf6-4589-11e9-95a2-b469212bff5b,de0132fe-45a2-11e9-9f7b-b469212bff5b,2019-03-15 09:40:04.742504,2019-03-15 10:35:38.075837,5000.0,4.18055556,52.18664444,4.18055556,52.18664444,0.03858024690972222
1ad9cb7a-4570-11e9-9c61-b469212bff5b,6dbbbdf6-4589-11e9-95a2-b469212bff5b,de018122-45a2-11e9-b2cc-b469212bff5b,2019-03-15 10:35:38.075837,2019-03-15 11:10:33.241596,5000.0,4.18055556,52.18664444,4.25222222,52.11428333,0.02424960369212963
1ad9cb7a-4570-11e9-9c61-b469212bff5b,6dbbbdf6-4589-11e9-95a2-b469212bff5b,de01aa06-45a2-11e9-85ab-b469212bff5b,2019-03-15 11:10:33.241596,2019-03-15 12:06:06.574929,0.0,4.25222222,52.11428333,4.25222222,52.11428333,0.03858024690972222
1ad9cb7a-4570-11e9-9c61-b469212bff5b,6dbbbdf6-4589-11e9-95a2-b469212bff5b,de01d0ec-45a2-11e9-a9ca-b469212bff5b,2019-03-15 12:06:06.574929,2019-03-15 12:37:32.224112,0.0,4.25222222,52.11428333,4.18055556,52.18664444,0.02182464332175926
1ad9cb7a-4570-11e9-9c61-b469212bff5b,6dbbbdf6-4589-11e9-95a2-b469212bff5b,de0132fe-45a2-11e9-9f7b-b469212bff5b,2019-03-15 12:37:32.224112,2019-03-15 13:33:05.557445,5000.0,4.18055556,52.18664444,4.18055556,52.18664444,0.03858024690972222
1ad9cb7a-4570-11e9-9c61-b469212bff5b,6dbbbdf6-4589-11e9-95a2-b469212bff5b,de018122-45a2-11e9-b2cc-b469212bff5b,2019-03-15 13:33:05.557445,2019-03-15 14:08:00.723203,5000.0,4.18055556,52.18664444,4.25222222,52.11428333,0.024249603680555554
1ad9cb7a-4570-11e9-9c61-b469212bff5b,6dbbbdf6-4589-11e9-95a2-b469212bff5b,de01aa06-45a2-11e9-85ab-b469212bff5b,2019-03-15 14:08:00.723203,2019-03-15 15:03:34.056536,0.0,4.25222222,52.11428333,4.25222222,52.11428333,0.03858024690972222
1ad9cb7a-4570-11e9-9c61-b469212bff5b,6dbbbdf6-4589-11e9-95a2-b469212bff5b,de01d0ec-45a2-11e9-a9ca-b469212bff5b,2019-03-15 15:03:34.056536,2019-03-15 15:34:59.705719,0.0,4.25222222,52.11428333,4.18055556,52.18664444,0.02182464332175926
1ad9cb7a-4570-11e9-9c61-b469212bff5b,6dbbbdf6-4589-11e9-95a2-b469212bff5b,de0132fe-45a2-11e9-9f7b-b469212bff5b,2019-03-15 15:34:59.705719,2019-03-15 16:30:33.039052,5000.0,4.18055556,52.18664444,4.18055556,52.18664444,0.03858024690972222
1ad9cb7a-4570-11e9-9c61-b469212bff5b,6dbbbdf6-4589-11e9-95a2-b469212bff5b,de018122-45a2-11e9-b2cc-b469212bff5b,2019-03-15 16:30:33.039052,2019-03-15 17:05:28.204811,5000.0,4.18055556,52.18664444,4.25222222,52.11428333,0.02424960369212963
1ad9cb7a-4570-11e9-9c61-b469212bff5b,6dbbbdf6-4589-11e9-95a2-b469212bff5b,de01aa06-45a2-11e9-85ab-b469212bff5b,2019-03-15 17:05:28.204811,2019-03-15 18:01:01.538144,0.0,4.25222222,52.11428333,4.25222222,52.11428333,0.03858024690972222
1ad9cb7a-4570-11e9-9c61-b469212bff5b,6dbbbdf6-4589-11e9-95a2-b469212bff5b,de01d0ec-45a2-11e9-a9ca-b469212bff5b,2019-03-15 18:01:01.538144,2019-03-15 18:32:27.187326,0.0,4.25222222,52.11428333,4.18055556,52.18664444,0.021824643310185188
1ad9cb7a-4570-11e9-9c61-b469212bff5b,6dbbbdf6-4589-11e9-95a2-b469212bff5b,de0132fe-45a2-11e9-9f7b-b469212bff5b,2019-03-15 18:32:27.187326,2019-03-15 19:28:00.520660,5000.0,4.18055556,52.18664444,4.18055556,52.18664444,0.038580246921296295
1ad9cb7a-4570-11e9-9c61-b469212bff5b,6dbbbdf6-4589-11e9-95a2-b469212bff5b,de018122-45a2-11e9-b2cc-b469212bff5b,2019-03-15 19:28:00.520660,2019-03-15 20:02:55.686418,5000.0,4.18055556,52.18664444,4.25222222,52.11428333,0.024249603680555554
1ad9cb7a-4570-11e9-9c61-b469212bff5b,6dbbbdf6-4589-11e9-95a2-b469212bff5b,de01aa06-45a2-11e9-85ab-b469212bff5b,2019-03-15 20:02:55.686418,2019-03-15 20:58:29.019751,0.0,4.25222222,52.11428333,4.25222222,52.11428333,0.03858024690972222
1ad9cb7a-4570-11e9-9c61-b469212bff5b,6dbbbdf6-4589-11e9-95a2-b469212bff5b,de01d0ec-45a2-11e9-a9ca-b469212bff5b,2019-03-15 20:58:29.019751,2019-03-15 21:29:54.668934,0.0,4.25222222,52.11428333,4.18055556,52.18664444,0.02182464332175926
1ad9cb7a-4570-11e9-9c61-b469212bff5b,6dbbbdf6-4589-11e9-95a2-b469212bff5b,de0132fe-45a2-11e9-9f7b-b469212bff5b,2019-03-15 21:29:54.668934,2019-03-15 22:25:28.002267,5000.0,4.18055556,52.18664444,4.18055556,52.18664444,0.03858024690972222
1ad9cb7a-4570-11e9-9c61-b469212bff5b,6dbbbdf6-4589-11e9-95a2-b469212bff5b,de018122-45a2-11e9-b2cc-b469212bff5b,2019-03-15 22:25:28.002267,2019-03-15 23:00:23.168025,5000.0,4.18055556,52.18664444,4.25222222,52.11428333,0.024249603680555554
1ad9cb7a-4570-11e9-9c61-b469212bff5b,6dbbbdf6-4589-11e9-95a2-b469212bff5b,de01aa06-45a2-11e9-85ab-b469212bff5b,2019-03-15 23:00:23.168025,2019-03-15 23:55:56.501359,0.0,4.25222222,52.11428333,4.25222222,52.11428333,0.038580246921296295
1ad9cb7a-4570-11e9-9c61-b469212bff5b,6dbbbdf6-4589-11e9-95a2-b469212bff5b,de01d0ec-45a2-11e9-a9ca-b469212bff5b,2019-03-15 23:55:56.501359,2019-03-16 00:27:22.150541,0.0,4.25222222,52.11428333,4.18055556,52.18664444,0.021824643310185188
1ad9cb7a-4570-11e9-9c61-b469212bff5b,6dbbbdf6-4589-11e9-95a2-b469212bff5b,de0132fe-45a2-11e9-9f7b-b469212bff5b,2019-03-16 00:27:22.150541,2019-03-16 01:22:55.483875,5000.0,4.18055556,52.18664444,4.18055556,52.18664444,0.038580246921296295
1ad9cb7a-4570-11e9-9c61-b469212bff5b,6dbbbdf6-4589-11e9-95a2-b469212bff5b,de018122-45a2-11e9-b2cc-b469212bff5b,2019-03-16 01:22:55.483875,2019-03-16 01:57:50.649633,5000.0,4.18055556,52.18664444,4.25222222,52.11428333,0.024249603680555554
1ad9cb7a-4570-11e9-9c61-b469212bff5b,6dbbbdf6-4589-11e9-95a2-b469212bff5b,de01aa06-45a2-11e9-85ab-b469212bff5b,2019-03-16 01:57:50.649633,2019-03-16 02:53:23.982966,0.0,4.25222222,52.11428333,4.25222222,52.11428333,0.03858024690972222
1ad9cb7a-4570-11e9-9c61-b469212bff5b,6dbbbdf6-4589-11e9-95a2-b469212bff5b,de01d0ec-45a2-11e9-a9ca-b469212bff5b,2019-03-16 02:53:23.982966,2019-03-16 03:24:49.632149,0.0,4.25222222,52.11428333,4.18055556,52.18664444,0.02182464332175926
1ad9cb7a-4570-11e9-9c61-b469212bff5b,6dbbbdf6-4589-11e9-95a2-b469212bff5b,de0132fe-45a2-11e9-9f7b-b469212bff5b,2019-03-16 03:24:49.632149,2019-03-16 04:20:22.965482,5000.0,4.18055556,52.18664444,4.18055556,52.18664444,0.03858024690972222
1ad9cb7a-4570-11e9-9c61-b469212bff5b,6dbbbdf6-4589-11e9-95a2-b469212bff5b,de018122-45a2-11e9-b2cc-b469212bff5b,2019-03-16 04:20:22.965482,2019-03-16 04:55:18.131240,5000.0,4.18055556,52.18664444,4.25222222,52.11428333,0.024249603680555554
1ad9cb7a-4570-11e9-9c61-b469212bff5b,6dbbbdf6-4589-11e9-95a2-b469212bff5b,de01aa06-45a2-11e9-85ab-b469212bff5b,2019-03-16 04:55:18.131240,2019-03-16 05:50:51.464574,0.0,4.25222222,52.11428333,4.25222222,52.11428333,0.038580246921296295
1ad9cb7a-4570-11e9-9c61-b469212bff5b,6dbbbdf6-4589-11e9-95a2-b469212bff5b,de01d0ec-45a2-11e9-a9ca-b469212bff5b,2019-03-16 05:50:51.464574,2019-03-16 06:22:17.113756,0.0,4.25222222,52.11428333,4.18055556,52.18664444,0.021824643310185188
1ad9cb7a-4570-11e9-9c61-b469212bff5b,6dbbbdf6-4589-11e9-95a2-b469212bff5b,de0132fe-45a2-11e9-9f7b-b469212bff5b,2019-03-16 06:22:17.113756,2019-03-16 07:17:50.447089,5000.0,4.18055556,52.18664444,4.18055556,52.18664444,0.03858024690972222
1ad9cb7a-4570-11e9-9c61-b469212bff5b,6dbbbdf6-4589-11e9-95a2-b469212bff5b,de018122-45a2-11e9-b2cc-b469212bff5b,2019-03-16 07:17:50.447089,2019-03-16 07:52:45.612848,5000.0,4.18055556,52.18664444,4.25222222,52.11428333,0.02424960369212963
1ad9cb7a-4570-11e9-9c61-b469212bff5b,6dbbbdf6-4589-11e9-95a2-b469212bff5b,de01aa06-45a2-11e9-85ab-b469212bff5b,2019-03-16 07:52:45.612848,2019-03-16 08:48:18.946181,0.0,4.25222222,52.11428333,4.25222222,52.11428333,0.03858024690972222
1ad9cb7a-4570-11e9-9c61-b469212bff5b,6dbbbdf6-4589-11e9-95a2-b469212bff5b,de01d0ec-45a2-11e9-a9ca-b469212bff5b,2019-03-16 08:48:18.946181,2019-03-16 09:19:44.595364,0.0,4.25222222,52.11428333,4.18055556,52.18664444,0.02182464332175926
1ad9cb7a-4570-11e9-9c61-b469212bff5b,6dbbbdf6-4589-11e9-95a2-b469212bff5b,de0132fe-45a2-11e9-9f7b-b469212bff5b,2019-03-16 09:19:44.595364,2019-03-16 10:15:17.928697,5000.0,4.18055556,52.18664444,4.18055556,52.18664444,0.03858024690972222
1ad9cb7a-4570-11e9-9c61-b469212bff5b,6dbbbdf6-4589-11e9-95a2-b469212bff5b,de018122-45a2-11e9-b2cc-b469212bff5b,2019-03-16 10:15:17.928697,2019-03-16 10:50:13.094455,5000.0,4.18055556,52.18664444,4.25222222,52.11428333,0.024249603680555554
1ad9cb7a-4570-11e9-9c61-b469212bff5b,6dbbbdf6-4589-11e9-95a2-b469212bff5b,de01aa06-45a2-11e9-85ab-b469212bff5b,2019-03-16 10:50:13.094455,2019-03-16 11:45:46.427788,0.0,4.25222222,52.11428333,4.25222222,52.11428333,0.03858024690972222
1ad9cb7a-4570-11e9-9c61-b469212bff5b,6dbbbdf6-4589-11e9-95a2-b469212bff5b,de01d0ec-45a2-11e9-a9ca-b469212bff5b,2019-03-16 11:45:46.427788,2019-03-16 12:17:12.076971,0.0,4.25222222,52.11428333,4.18055556,52.18664444,0.02182464332175926
1ad9cb7a-4570-11e9-9c61-b469212bff5b,6dbbbdf6-4589-11e9-95a2-b469212bff5b,de0132fe-45a2-11e9-9f7b-b469212bff5b,2019-03-16 12:17:12.076971,2019-03-16 13:12:45.410304,5000.0,4.18055556,52.18664444,4.18055556,52.18664444,0.03858024690972222
1ad9cb7a-4570-11e9-9c61-b469212bff5b,6dbbbdf6-4589-11e9-95a2-b469212bff5b,de018122-45a2-11e9-b2cc-b469212bff5b,2019-03-16 13:12:45.410304,2019-03-16 13:47:40.576063,5000.0,4.18055556,52.18664444,4.25222222,52.11428333,0.02424960369212963
1ad9cb7a-4570-11e9-9c61-b469212bff5b,6dbbbdf6-4589-11e9-95a2-b469212bff5b,de01aa06-45a2-11e9-85ab-b469212bff5b,2019-03-16 13:47:40.576063,2019-03-16 14:43:13.909396,0.0,4.25222222,52.11428333,4.25222222,52.11428333,0.03858024690972222
1ad9cb7a-4570-11e9-9c61-b469212bff5b,6dbbbdf6-4589-11e9-95a2-b469212bff5b,de01d0ec-45a2-11e9-a9ca-b469212bff5b,2019-03-16 14:43:13.909396,2019-03-16 15:14:39.558578,0.0,4.25222222,52.11428333,4.18055556,52.18664444,0.021824643310185188
1ad9cb7a-4570-11e9-9c61-b469212bff5b,6dbbbdf6-4589-11e9-95a2-b469212bff5b,de0132fe-45a2-11e9-9f7b-b469212bff5b,2019-03-16 15:14:39.558578,2019-03-16 16:10:12.891912,5000.0,4.18055556,52.18664444,4.18055556,52.18664444,0.038580246921296295
1ad9cb7a-4570-11e9-9c61-b469212bff5b,6dbbbdf6-4589-11e9-95a2-b469212bff5b,de018122-45a2-11e9-b2cc-b469212bff5b,2019-03-16 16:10:12.891912,2019-03-16 16:45:08.057670,5000.0,4.18055556,52.18664444,4.25222222,52.11428333,0.024249603680555554
1ad9cb7a-4570-11e9-9c61-b469212bff5b,6dbbbdf6-4589-11e9-95a2-b469212bff5b,de01aa06-45a2-11e9-85ab-b469212bff5b,2019-03-16 16:45:08.057670,2019-03-16 17:40:41.391003,0.0,4.25222222,52.11428333,4.25222222,52.11428333,0.03858024690972222
1ad9cb7a-4570-11e9-9c61-b469212bff5b,6dbbbdf6-4589-11e9-95a2-b469212bff5b,de01d0ec-45a2-11e9-a9ca-b469212bff5b,2019-03-16 17:40:41.391003,2019-03-16 18:12:07.040186,0.0,4.25222222,52.11428333,4.18055556,52.18664444,0.02182464332175926
1ad9cb7a-4570-11e9-9c61-b469212bff5b,6dbbbdf6-4589-11e9-95a2-b469212bff5b,de0132fe-45a2-11e9-9f7b-b469212bff5b,2019-03-16 18:12:07.040186,2019-03-16 19:07:40.373519,5000.0,4.18055556,52.18664444,4.18055556,52.18664444,0.03858024690972222
1ad9cb7a-4570-11e9-9c61-b469212bff5b,6dbbbdf6-4589-11e9-95a2-b469212bff5b,de018122-45a2-11e9-b2cc-b469212bff5b,2019-03-16 19:07:40.373519,2019-03-16 19:42:35.539278,5000.0,4.18055556,52.18664444,4.25222222,52.11428333,0.02424960369212963
1ad9cb7a-4570-11e9-9c61-b469212bff5b,6dbbbdf6-4589-11e9-95a2-b469212bff5b,de01aa06-45a2-11e9-85ab-b469212bff5b,2019-03-16 19:42:35.539278,2019-03-16 20:38:08.872611,0.0,4.25222222,52.11428333,4.25222222,52.11428333,0.03858024690972222
1ad9cb7a-4570-11e9-9c61-b469212bff5b,6dbbbdf6-4589-11e9-95a2-b469212bff5b,de01d0ec-45a2-11e9-a9ca-b469212bff5b,2019-03-16 20:38:08.872611,2019-03-16 21:09:34.521793,0.0,4.25222222,52.11428333,4.18055556,52.18664444,0.021824643310185188
1ad9cb7a-4570-11e9-9c61-b469212bff5b,6dbbbdf6-4589-11e9-95a2-b469212bff5b,de0132fe-45a2-11e9-9f7b-b469212bff5b,2019-03-16 21:09:34.521793,2019-03-16 22:05:07.855127,5000.0,4.18055556,52.18664444,4.18055556,52.18664444,0.038580246921296295
1ad9cb7a-4570-11e9-9c61-b469212bff5b,6dbbbdf6-4589-11e9-95a2-b469212bff5b,de018122-45a2-11e9-b2cc-b469212bff5b,2019-03-16 22:05:07.855127,2019-03-16 22:40:03.020885,5000.0,4.18055556,52.18664444,4.25222222,52.11428333,0.024249603680555554
1ad9cb7a-4570-11e9-9c61-b469212bff5b,6dbbbdf6-4589-11e9-95a2-b469212bff5b,de01aa06-45a2-11e9-85ab-b469212bff5b,2019-03-16 22:40:03.020885,2019-03-16 23:35:36.354218,0.0,4.25222222,52.11428333,4.25222222,52.11428333,0.03858024690972222
1ad9cb7a-4570-11e9-9c61-b469212bff5b,6dbbbdf6-4589-11e9-95a2-b469212bff5b,de01d0ec-45a2-11e9-a9ca-b469212bff5b,2019-03-16 23:35:36.354218,2019-03-17 00:07:02.003401,0.0,4.25222222,52.11428333,4.18055556,52.18664444,0.02182464332175926
1ad9cb7a-4570-11e9-9c61-b469212bff5b,6dbbbdf6-4589-11e9-95a2-b469212bff5b,de0132fe-45a2-11e9-9f7b-b469212bff5b,2019-03-17 00:07:02.003401,2019-03-17 01:02:35.336734,5000.0,4.18055556,52.18664444,4.18055556,52.18664444,0.03858024690972222
1ad9cb7a-4570-11e9-9c61-b469212bff5b,6dbbbdf6-4589-11e9-95a2-b469212bff5b,de018122-45a2-11e9-b2cc-b469212bff5b,2019-03-17 01:02:35.336734,2019-03-17 01:37:30.502492,5000.0,4.18055556,52.18664444,4.25222222,52.11428333,0.024249603680555554
1ad9cb7a-4570-11e9-9c61-b469212bff5b,6dbbbdf6-4589-11e9-95a2-b469212bff5b,de01aa06-45a2-11e9-85ab-b469212bff5b,2019-03-17 01:37:30.502492,2019-03-17 02:33:03.835826,0.0,4.25222222,52.11428333,4.25222222,52.11428333,0.038580246921296295
1ad9cb7a-4570-11e9-9c61-b469212bff5b,6dbbbdf6-4589-11e9-95a2-b469212bff5b,de01d0ec-45a2-11e9-a9ca-b469212bff5b,2019-03-17 02:33:03.835826,2019-03-17 03:04:29.485008,0.0,4.25222222,52.11428333,4.18055556,52.18664444,0.021824643310185188
1ad9cb7a-4570-11e9-9c61-b469212bff5b,6dbbbdf6-4589-11e9-95a2-b469212bff5b,de0132fe-45a2-11e9-9f7b-b469212bff5b,2019-03-17 03:04:29.485008,2019-03-17 04:00:02.818341,5000.0,4.18055556,52.18664444,4.18055556,52.18664444,0.03858024690972222
1ad9cb7a-4570-11e9-9c61-b469212bff5b,6dbbbdf6-4589-11e9-95a2-b469212bff5b,de018122-45a2-11e9-b2cc-b469212bff5b,2019-03-17 04:00:02.818341,2019-03-17 04:34:57.984100,5000.0,4.18055556,52.18664444,4.25222222,52.11428333,0.02424960369212963
1ad9cb7a-4570-11e9-9c61-b469212bff5b,6dbbbdf6-4589-11e9-95a2-b469212bff5b,de01aa06-45a2-11e9-85ab-b469212bff5b,2019-03-17 04:34:57.984100,2019-03-17 05:30:31.317433,0.0,4.25222222,52.11428333,4.25222222,52.11428333,0.03858024690972222
1ad9cb7a-4570-11e9-9c61-b469212bff5b,6dbbbdf6-4589-11e9-95a2-b469212bff5b,de01d0ec-45a2-11e9-a9ca-b469212bff5b,2019-03-17 05:30:31.317433,2019-03-17 06:01:56.966616,0.0,4.25222222,52.11428333,4.18055556,52.18664444,0.02182464332175926
1ad9cb7a-4570-11e9-9c61-b469212bff5b,6dbbbdf6-4589-11e9-95a2-b469212bff5b,de0132fe-45a2-11e9-9f7b-b469212bff5b,2019-03-17 06:01:56.966616,2019-03-17 06:57:30.299949,5000.0,4.18055556,52.18664444,4.18055556,52.18664444,0.03858024690972222
1ad9cb7a-4570-11e9-9c61-b469212bff5b,6dbbbdf6-4589-11e9-95a2-b469212bff5b,de018122-45a2-11e9-b2cc-b469212bff5b,2019-03-17 06:57:30.299949,2019-03-17 07:32:25.465707,5000.0,4.18055556,52.18664444,4.25222222,52.11428333,0.024249603680555554
1ad9cb7a-4570-11e9-9c61-b469212bff5b,6dbbbdf6-4589-11e9-95a2-b469212bff5b,de01aa06-45a2-11e9-85ab-b469212bff5b,2019-03-17 07:32:25.465707,2019-03-17 08:27:58.799041,0.0,4.25222222,52.11428333,4.25222222,52.11428333,0.038580246921296295
1ad9cb7a-4570-11e9-9c61-b469212bff5b,6dbbbdf6-4589-11e9-95a2-b469212bff5b,de01d0ec-45a2-11e9-a9ca-b469212bff5b,2019-03-17 08:27:58.799041,2019-03-17 08:59:24.448223,0.0,4.25222222,52.11428333,4.18055556,52.18664444,0.021824643310185188
1ad9cb7a-4570-11e9-9c61-b469212bff5b,6dbbbdf6-4589-11e9-95a2-b469212bff5b,de0132fe-45a2-11e9-9f7b-b469212bff5b,2019-03-17 08:59:24.448223,2019-03-17 09:54:57.781556,5000.0,4.18055556,52.18664444,4.18055556,52.18664444,0.03858024690972222
1ad9cb7a-4570-11e9-9c61-b469212bff5b,6dbbbdf6-4589-11e9-95a2-b469212bff5b,de018122-45a2-11e9-b2cc-b469212bff5b,2019-03-17 09:54:57.781556,2019-03-17 10:29:52.947315,5000.0,4.18055556,52.18664444,4.25222222,52.11428333,0.02424960369212963
1ad9cb7a-4570-11e9-9c61-b469212bff5b,6dbbbdf6-4589-11e9-95a2-b469212bff5b,de01aa06-45a2-11e9-85ab-b469212bff5b,2019-03-17 10:29:52.947315,2019-03-17 11:25:26.280648,0.0,4.25222222,52.11428333,4.25222222,52.11428333,0.03858024690972222
1ad9cb7a-4570-11e9-9c61-b469212bff5b,6dbbbdf6-4589-11e9-95a2-b469212bff5b,de01d0ec-45a2-11e9-a9ca-b469212bff5b,2019-03-17 11:25:26.280648,2019-03-17 11:56:51.929831,0.0,4.25222222,52.11428333,4.18055556,52.18664444,0.02182464332175926
1ad9cb7a-4570-11e9-9c61-b469212bff5b,6dbbbdf6-4589-11e9-95a2-b469212bff5b,de0132fe-45a2-11e9-9f7b-b469212bff5b,2019-03-17 11:56:51.929831,2019-03-17 12:52:25.263164,5000.0,4.18055556,52.18664444,4.18055556,52.18664444,0.03858024690972222
1ad9cb7a-4570-11e9-9c61-b469212bff5b,6dbbbdf6-4589-11e9-95a2-b469212bff5b,de018122-45a2-11e9-b2cc-b469212bff5b,2019-03-17 12:52:25.263164,2019-03-17 13:27:20.428922,5000.0,4.18055556,52.18664444,4.25222222,52.11428333,0.024249603680555554
1ad9cb7a-4570-11e9-9c61-b469212bff5b,6dbbbdf6-4589-11e9-95a2-b469212bff5b,de01aa06-45a2-11e9-85ab-b469212bff5b,2019-03-17 13:27:20.428922,2019-03-17 14:22:53.762255,0.0,4.25222222,52.11428333,4.25222222,52.11428333,0.03858024690972222
1ad9cb7a-4570-11e9-9c61-b469212bff5b,6dbbbdf6-4589-11e9-95a2-b469212bff5b,de01d0ec-45a2-11e9-a9ca-b469212bff5b,2019-03-17 14:22:53.762255,2019-03-17 14:54:19.411438,0.0,4.25222222,52.11428333,4.18055556,52.18664444,0.02182464332175926
1ad9cb7a-4570-11e9-9c61-b469212bff5b,6dbbbdf6-4589-11e9-95a2-b469212bff5b,de0132fe-45a2-11e9-9f7b-b469212bff5b,2019-03-17 14:54:19.411438,2019-03-17 15:49:52.744771,5000.0,4.18055556,52.18664444,4.18055556,52.18664444,0.03858024690972222
1ad9cb7a-4570-11e9-9c61-b469212bff5b,6dbbbdf6-4589-11e9-95a2-b469212bff5b,de018122-45a2-11e9-b2cc-b469212bff5b,2019-03-17 15:49:52.744771,2019-03-17 16:24:47.910530,5000.0,4.18055556,52.18664444,4.25222222,52.11428333,0.02424960369212963
1ad9cb7a-4570-11e9-9c61-b469212bff5b,6dbbbdf6-4589-11e9-95a2-b469212bff5b,de01aa06-45a2-11e9-85ab-b469212bff5b,2019-03-17 16:24:47.910530,2019-03-17 17:20:21.243863,0.0,4.25222222,52.11428333,4.25222222,52.11428333,0.03858024690972222
1ad9cb7a-4570-11e9-9c61-b469212bff5b,6dbbbdf6-4589-11e9-95a2-b469212bff5b,de01d0ec-45a2-11e9-a9ca-b469212bff5b,2019-03-17 17:20:21.243863,2019-03-17 17:51:46.893045,0.0,4.25222222,52.11428333,4.18055556,52.18664444,0.021824643310185188
1ad9cb7a-4570-11e9-9c61-b469212bff5b,6dbbbdf6-4589-11e9-95a2-b469212bff5b,de0132fe-45a2-11e9-9f7b-b469212bff5b,2019-03-17 17:51:46.893045,2019-03-17 18:47:20.226379,5000.0,4.18055556,52.18664444,4.18055556,52.18664444,0.038580246921296295
1ad9cb7a-4570-11e9-9c61-b469212bff5b,6dbbbdf6-4589-11e9-95a2-b469212bff5b,de018122-45a2-11e9-b2cc-b469212bff5b,2019-03-17 18:47:20.226379,2019-03-17 19:22:15.392137,5000.0,4.18055556,52.18664444,4.25222222,52.11428333,0.024249603680555554
1ad9cb7a-4570-11e9-9c61-b469212bff5b,6dbbbdf6-4589-11e9-95a2-b469212bff5b,de01aa06-45a2-11e9-85ab-b469212bff5b,2019-03-17 19:22:15.392137,2019-03-17 20:17:48.725470,0.0,4.25222222,52.11428333,4.25222222,52.11428333,0.03858024690972222
1ad9cb7a-4570-11e9-9c61-b469212bff5b,6dbbbdf6-4589-11e9-95a2-b469212bff5b,de01d0ec-45a2-11e9-a9ca-b469212bff5b,2019-03-17 20:17:48.725470,2019-03-17 20:49:14.374653,0.0,4.25222222,52.11428333,4.18055556,52.18664444,0.02182464332175926
1ad9cb7a-4570-11e9-9c61-b469212bff5b,6dbbbdf6-4589-11e9-95a2-b469212bff5b,de0132fe-45a2-11e9-9f7b-b469212bff5b,2019-03-17 20:49:14.374653,2019-03-17 21:44:47.707986,5000.0,4.18055556,52.18664444,4.18055556,52.18664444,0.03858024690972222
1ad9cb7a-4570-11e9-9c61-b469212bff5b,6dbbbdf6-4589-11e9-95a2-b469212bff5b,de018122-45a2-11e9-b2cc-b469212bff5b,2019-03-17 21:44:47.707986,2019-03-17 22:19:42.873744,5000.0,4.18055556,52.18664444,4.25222222,52.11428333,0.024249603680555554
1ad9cb7a-4570-11e9-9c61-b469212bff5b,6dbbbdf6-4589-11e9-95a2-b469212bff5b,de01aa06-45a2-11e9-85ab-b469212bff5b,2019-03-17 22:19:42.873744,2019-03-17 23:15:16.207078,0.0,4.25222222,52.11428333,4.25222222,52.11428333,0.038580246921296295
1ad9cb7a-4570-11e9-9c61-b469212bff5b,6dbbbdf6-4589-11e9-95a2-b469212bff5b,de01d0ec-45a2-11e9-a9ca-b469212bff5b,2019-03-17 23:15:16.207078,2019-03-17 23:46:41.856260,0.0,4.25222222,52.11428333,4.18055556,52.18664444,0.021824643310185188
1ad9cb7a-4570-11e9-9c61-b469212bff5b,6dbbbdf6-4589-11e9-95a2-b469212bff5b,de0132fe-45a2-11e9-9f7b-b469212bff5b,2019-03-17 23:46:41.856260,2019-03-18 00:42:15.189594,5000.0,4.18055556,52.18664444,4.18055556,52.18664444,0.038580246921296295
1ad9cb7a-4570-11e9-9c61-b469212bff5b,6dbbbdf6-4589-11e9-95a2-b469212bff5b,de018122-45a2-11e9-b2cc-b469212bff5b,2019-03-18 00:42:15.189594,2019-03-18 01:17:10.355352,5000.0,4.18055556,52.18664444,4.25222222,52.11428333,0.024249603680555554
1ad9cb7a-4570-11e9-9c61-b469212bff5b,6dbbbdf6-4589-11e9-95a2-b469212bff5b,de01aa06-45a2-11e9-85ab-b469212bff5b,2019-03-18 01:17:10.355352,2019-03-18 02:12:43.688685,0.0,4.25222222,52.11428333,4.25222222,52.11428333,0.03858024690972222
1ad9cb7a-4570-11e9-9c61-b469212bff5b,6dbbbdf6-4589-11e9-95a2-b469212bff5b,de01d0ec-45a2-11e9-a9ca-b469212bff5b,2019-03-18 02:12:43.688685,2019-03-18 02:44:09.337868,0.0,4.25222222,52.11428333,4.18055556,52.18664444,0.02182464332175926
1ad9cb7a-4570-11e9-9c61-b469212bff5b,6dbbbdf6-4589-11e9-95a2-b469212bff5b,de0132fe-45a2-11e9-9f7b-b469212bff5b,2019-03-18 02:44:09.337868,2019-03-18 03:39:42.671201,5000.0,4.18055556,52.18664444,4.18055556,52.18664444,0.03858024690972222
1ad9cb7a-4570-11e9-9c61-b469212bff5b,6dbbbdf6-4589-11e9-95a2-b469212bff5b,de018122-45a2-11e9-b2cc-b469212bff5b,2019-03-18 03:39:42.671201,2019-03-18 04:14:37.836959,5000.0,4.18055556,52.18664444,4.25222222,52.11428333,0.024249603680555554
1ad9cb7a-4570-11e9-9c61-b469212bff5b,6dbbbdf6-4589-11e9-95a2-b469212bff5b,de01aa06-45a2-11e9-85ab-b469212bff5b,2019-03-18 04:14:37.836959,2019-03-18 05:10:11.170293,0.0,4.25222222,52.11428333,4.25222222,52.11428333,0.038580246921296295
1ad9cb7a-4570-11e9-9c61-b469212bff5b,6dbbbdf6-4589-11e9-95a2-b469212bff5b,de01d0ec-45a2-11e9-a9ca-b469212bff5b,2019-03-18 05:10:11.170293,2019-03-18 05:41:36.819475,0.0,4.25222222,52.11428333,4.18055556,52.18664444,0.021824643310185188
1ad9cb7a-4570-11e9-9c61-b469212bff5b,6dbbbdf6-4589-11e9-95a2-b469212bff5b,de0132fe-45a2-11e9-9f7b-b469212bff5b,2019-03-18 05:41:36.819475,2019-03-18 06:37:10.152808,5000.0,4.18055556,52.18664444,4.18055556,52.18664444,0.03858024690972222
1ad9cb7a-4570-11e9-9c61-b469212bff5b,6dbbbdf6-4589-11e9-95a2-b469212bff5b,de018122-45a2-11e9-b2cc-b469212bff5b,2019-03-18 06:37:10.152808,2019-03-18 07:12:05.318567,5000.0,4.18055556,52.18664444,4.25222222,52.11428333,0.02424960369212963
1ad9cb7a-4570-11e9-9c61-b469212bff5b,6dbbbdf6-4589-11e9-95a2-b469212bff5b,de01aa06-45a2-11e9-85ab-b469212bff5b,2019-03-18 07:12:05.318567,2019-03-18 08:07:38.651900,0.0,4.25222222,52.11428333,4.25222222,52.11428333,0.03858024690972222
1ad9cb7a-4570-11e9-9c61-b469212bff5b,6dbbbdf6-4589-11e9-95a2-b469212bff5b,de01d0ec-45a2-11e9-a9ca-b469212bff5b,2019-03-18 08:07:38.651900,2019-03-18 08:39:04.301083,0.0,4.25222222,52.11428333,4.18055556,52.18664444,0.02182464332175926
1ad9cb7a-4570-11e9-9c61-b469212bff5b,6dbbbdf6-4589-11e9-95a2-b469212bff5b,de0132fe-45a2-11e9-9f7b-b469212bff5b,2019-03-18 08:39:04.301083,2019-03-18 09:34:37.634416,5000.0,4.18055556,52.18664444,4.18055556,52.18664444,0.03858024690972222
1ad9cb7a-4570-11e9-9c61-b469212bff5b,6dbbbdf6-4589-11e9-95a2-b469212bff5b,de018122-45a2-11e9-b2cc-b469212bff5b,2019-03-18 09:34:37.634416,2019-03-18 10:09:32.800174,5000.0,4.18055556,52.18664444,4.25222222,52.11428333,0.024249603680555554
1ad9cb7a-4570-11e9-9c61-b469212bff5b,6dbbbdf6-4589-11e9-95a2-b469212bff5b,de01aa06-45a2-11e9-85ab-b469212bff5b,2019-03-18 10:09:32.800174,2019-03-18 11:05:06.133507,0.0,4.25222222,52.11428333,4.25222222,52.11428333,0.03858024690972222
1ad9cb7a-4570-11e9-9c61-b469212bff5b,6dbbbdf6-4589-11e9-95a2-b469212bff5b,de01d0ec-45a2-11e9-a9ca-b469212bff5b,2019-03-18 11:05:06.133507,2019-03-18 11:36:31.782690,0.0,4.25222222,52.11428333,4.18055556,52.18664444,0.02182464332175926
1ad9cb7a-4570-11e9-9c61-b469212bff5b,6dbbbdf6-4589-11e9-95a2-b469212bff5b,de0132fe-45a2-11e9-9f7b-b469212bff5b,2019-03-18 11:36:31.782690,2019-03-18 12:32:05.116023,5000.0,4.18055556,52.18664444,4.18055556,52.18664444,0.03858024690972222
1ad9cb7a-4570-11e9-9c61-b469212bff5b,6dbbbdf6-4589-11e9-95a2-b469212bff5b,de018122-45a2-11e9-b2cc-b469212bff5b,2019-03-18 12:32:05.116023,2019-03-18 13:07:00.281782,5000.0,4.18055556,52.18664444,4.25222222,52.11428333,0.02424960369212963
1ad9cb7a-4570-11e9-9c61-b469212bff5b,6dbbbdf6-4589-11e9-95a2-b469212bff5b,de01aa06-45a2-11e9-85ab-b469212bff5b,2019-03-18 13:07:00.281782,2019-03-18 14:02:33.615115,0.0,4.25222222,52.11428333,4.25222222,52.11428333,0.03858024690972222
1ad9cb7a-4570-11e9-9c61-b469212bff5b,6dbbbdf6-4589-11e9-95a2-b469212bff5b,de01d0ec-45a2-11e9-a9ca-b469212bff5b,2019-03-18 14:02:33.615115,2019-03-18 14:33:59.264297,0.0,4.25222222,52.11428333,4.18055556,52.18664444,0.021824643310185188
1ad9cb7a-4570-11e9-9c61-b469212bff5b,6dbbbdf6-4589-11e9-95a2-b469212bff5b,de0132fe-45a2-11e9-9f7b-b469212bff5b,2019-03-18 14:33:59.264297,2019-03-18 15:29:32.597631,5000.0,4.18055556,52.18664444,4.18055556,52.18664444,0.038580246921296295
1ad9cb7a-4570-11e9-9c61-b469212bff5b,6dbbbdf6-4589-11e9-95a2-b469212bff5b,de018122-45a2-11e9-b2cc-b469212bff5b,2019-03-18 15:29:32.597631,2019-03-18 16:04:27.763389,5000.0,4.18055556,52.18664444,4.25222222,52.11428333,0.024249603680555554
1ad9cb7a-4570-11e9-9c61-b469212bff5b,6dbbbdf6-4589-11e9-95a2-b469212bff5b,de01aa06-45a2-11e9-85ab-b469212bff5b,2019-03-18 16:04:27.763389,2019-03-18 17:00:01.096722,0.0,4.25222222,52.11428333,4.25222222,52.11428333,0.03858024690972222
1ad9cb7a-4570-11e9-9c61-b469212bff5b,6dbbbdf6-4589-11e9-95a2-b469212bff5b,de01d0ec-45a2-11e9-a9ca-b469212bff5b,2019-03-18 17:00:01.096722,2019-03-18 17:31:26.745905,0.0,4.25222222,52.11428333,4.18055556,52.18664444,0.02182464332175926
1ad9cb7a-4570-11e9-9c61-b469212bff5b,6dbbbdf6-4589-11e9-95a2-b469212bff5b,de0132fe-45a2-11e9-9f7b-b469212bff5b,2019-03-18 17:31:26.745905,2019-03-18 18:27:00.079238,5000.0,4.18055556,52.18664444,4.18055556,52.18664444,0.03858024690972222
1ad9cb7a-4570-11e9-9c61-b469212bff5b,6dbbbdf6-4589-11e9-95a2-b469212bff5b,de018122-45a2-11e9-b2cc-b469212bff5b,2019-03-18 18:27:00.079238,2019-03-18 19:01:55.244997,5000.0,4.18055556,52.18664444,4.25222222,52.11428333,0.02424960369212963
1ad9cb7a-4570-11e9-9c61-b469212bff5b,6dbbbdf6-4589-11e9-95a2-b469212bff5b,de01aa06-45a2-11e9-85ab-b469212bff5b,2019-03-18 19:01:55.244997,2019-03-18 19:57:28.578330,0.0,4.25222222,52.11428333,4.25222222,52.11428333,0.03858024690972222
1ad9cb7a-4570-11e9-9c61-b469212bff5b,6dbbbdf6-4589-11e9-95a2-b469212bff5b,de01d0ec-45a2-11e9-a9ca-b469212bff5b,2019-03-18 19:57:28.578330,2019-03-18 20:28:54.227512,0.0,4.25222222,52.11428333,4.18055556,52.18664444,0.021824643310185188
1ad9cb7a-4570-11e9-9c61-b469212bff5b,6dbbbdf6-4589-11e9-95a2-b469212bff5b,de0132fe-45a2-11e9-9f7b-b469212bff5b,2019-03-18 20:28:54.227512,2019-03-18 21:24:27.560846,5000.0,4.18055556,52.18664444,4.18055556,52.18664444,0.038580246921296295
1ad9cb7a-4570-11e9-9c61-b469212bff5b,6dbbbdf6-4589-11e9-95a2-b469212bff5b,de018122-45a2-11e9-b2cc-b469212bff5b,2019-03-18 21:24:27.560846,2019-03-18 21:59:22.726604,5000.0,4.18055556,52.18664444,4.25222222,52.11428333,0.024249603680555554
1ad9cb7a-4570-11e9-9c61-b469212bff5b,6dbbbdf6-4589-11e9-95a2-b469212bff5b,de01aa06-45a2-11e9-85ab-b469212bff5b,2019-03-18 21:59:22.726604,2019-03-18 22:54:56.059937,0.0,4.25222222,52.11428333,4.25222222,52.11428333,0.03858024690972222
1ad9cb7a-4570-11e9-9c61-b469212bff5b,6dbbbdf6-4589-11e9-95a2-b469212bff5b,de01d0ec-45a2-11e9-a9ca-b469212bff5b,2019-03-18 22:54:56.059937,2019-03-18 23:26:21.709120,0.0,4.25222222,52.11428333,4.18055556,52.18664444,0.02182464332175926
1ad9cb7a-4570-11e9-9c61-b469212bff5b,6dbbbdf6-4589-11e9-95a2-b469212bff5b,de0132fe-45a2-11e9-9f7b-b469212bff5b,2019-03-18 23:26:21.709120,2019-03-19 00:21:55.042453,5000.0,4.18055556,52.18664444,4.18055556,52.18664444,0.03858024690972222
1ad9cb7a-4570-11e9-9c61-b469212bff5b,6dbbbdf6-4589-11e9-95a2-b469212bff5b,de018122-45a2-11e9-b2cc-b469212bff5b,2019-03-19 00:21:55.042453,2019-03-19 00:56:50.208211,5000.0,4.18055556,52.18664444,4.25222222,52.11428333,0.024249603680555554
1ad9cb7a-4570-11e9-9c61-b469212bff5b,6dbbbdf6-4589-11e9-95a2-b469212bff5b,de01aa06-45a2-11e9-85ab-b469212bff5b,2019-03-19 00:56:50.208211,2019-03-19 01:52:23.541545,0.0,4.25222222,52.11428333,4.25222222,52.11428333,0.038580246921296295
1ad9cb7a-4570-11e9-9c61-b469212bff5b,6dbbbdf6-4589-11e9-95a2-b469212bff5b,de01d0ec-45a2-11e9-a9ca-b469212bff5b,2019-03-19 01:52:23.541545,2019-03-19 02:23:49.190727,0.0,4.25222222,52.11428333,4.18055556,52.18664444,0.021824643310185188
1ad9cb7a-4570-11e9-9c61-b469212bff5b,6dbbbdf6-4589-11e9-95a2-b469212bff5b,de0132fe-45a2-11e9-9f7b-b469212bff5b,2019-03-19 02:23:49.190727,2019-03-19 03:19:22.524060,5000.0,4.18055556,52.18664444,4.18055556,52.18664444,0.03858024690972222
1ad9cb7a-4570-11e9-9c61-b469212bff5b,6dbbbdf6-4589-11e9-95a2-b469212bff5b,de018122-45a2-11e9-b2cc-b469212bff5b,2019-03-19 03:19:22.524060,2019-03-19 03:54:17.689819,5000.0,4.18055556,52.18664444,4.25222222,52.11428333,0.02424960369212963
1ad9cb7a-4570-11e9-9c61-b469212bff5b,6dbbbdf6-4589-11e9-95a2-b469212bff5b,de01aa06-45a2-11e9-85ab-b469212bff5b,2019-03-19 03:54:17.689819,2019-03-19 04:49:51.023152,0.0,4.25222222,52.11428333,4.25222222,52.11428333,0.03858024690972222
1ad9cb7a-4570-11e9-9c61-b469212bff5b,6dbbbdf6-4589-11e9-95a2-b469212bff5b,de01d0ec-45a2-11e9-a9ca-b469212bff5b,2019-03-19 04:49:51.023152,2019-03-19 05:21:16.672335,0.0,4.25222222,52.11428333,4.18055556,52.18664444,0.02182464332175926
1ad9cb7a-4570-11e9-9c61-b469212bff5b,6dbbbdf6-4589-11e9-95a2-b469212bff5b,de0132fe-45a2-11e9-9f7b-b469212bff5b,2019-03-19 05:21:16.672335,2019-03-19 06:16:50.005668,5000.0,4.18055556,52.18664444,4.18055556,52.18664444,0.03858024690972222
1ad9cb7a-4570-11e9-9c61-b469212bff5b,6dbbbdf6-4589-11e9-95a2-b469212bff5b,de018122-45a2-11e9-b2cc-b469212bff5b,2019-03-19 06:16:50.005668,2019-03-19 06:51:45.171426,5000.0,4.18055556,52.18664444,4.25222222,52.11428333,0.024249603680555554
1ad9cb7a-4570-11e9-9c61-b469212bff5b,6dbbbdf6-4589-11e9-95a2-b469212bff5b,de01aa06-45a2-11e9-85ab-b469212bff5b,2019-03-19 06:51:45.171426,2019-03-19 07:47:18.504760,0.0,4.25222222,52.11428333,4.25222222,52.11428333,0.038580246921296295
1ad9cb7a-4570-11e9-9c61-b469212bff5b,6dbbbdf6-4589-11e9-95a2-b469212bff5b,de01d0ec-45a2-11e9-a9ca-b469212bff5b,2019-03-19 07:47:18.504760,2019-03-19 08:18:44.153942,0.0,4.25222222,52.11428333,4.18055556,52.18664444,0.021824643310185188
1ad9cb7a-4570-11e9-9c61-b469212bff5b,6dbbbdf6-4589-11e9-95a2-b469212bff5b,de0132fe-45a2-11e9-9f7b-b469212bff5b,2019-03-19 08:18:44.153942,2019-03-19 09:14:17.487275,5000.0,4.18055556,52.18664444,4.18055556,52.18664444,0.03858024690972222
1ad9cb7a-4570-11e9-9c61-b469212bff5b,6dbbbdf6-4589-11e9-95a2-b469212bff5b,de018122-45a2-11e9-b2cc-b469212bff5b,2019-03-19 09:14:17.487275,2019-03-19 09:49:12.653034,5000.0,4.18055556,52.18664444,4.25222222,52.11428333,0.02424960369212963
1ad9cb7a-4570-11e9-9c61-b469212bff5b,6dbbbdf6-4589-11e9-95a2-b469212bff5b,de01aa06-45a2-11e9-85ab-b469212bff5b,2019-03-19 09:49:12.653034,2019-03-19 10:44:45.986367,0.0,4.25222222,52.11428333,4.25222222,52.11428333,0.03858024690972222
1ad9cb7a-4570-11e9-9c61-b469212bff5b,6dbbbdf6-4589-11e9-95a2-b469212bff5b,de01d0ec-45a2-11e9-a9ca-b469212bff5b,2019-03-19 10:44:45.986367,2019-03-19 11:16:11.635550,0.0,4.25222222,52.11428333,4.18055556,52.18664444,0.02182464332175926
1ad9cb7a-4570-11e9-9c61-b469212bff5b,6dbbbdf6-4589-11e9-95a2-b469212bff5b,de0132fe-45a2-11e9-9f7b-b469212bff5b,2019-03-19 11:16:11.635550,2019-03-19 12:11:44.968883,5000.0,4.18055556,52.18664444,4.18055556,52.18664444,0.03858024690972222
1ad9cb7a-4570-11e9-9c61-b469212bff5b,6dbbbdf6-4589-11e9-95a2-b469212bff5b,de018122-45a2-11e9-b2cc-b469212bff5b,2019-03-19 12:11:44.968883,2019-03-19 12:46:40.134641,5000.0,4.18055556,52.18664444,4.25222222,52.11428333,0.024249603680555554
1ad9cb7a-4570-11e9-9c61-b469212bff5b,6dbbbdf6-4589-11e9-95a2-b469212bff5b,de01aa06-45a2-11e9-85ab-b469212bff5b,2019-03-19 12:46:40.134641,2019-03-19 13:42:13.467974,0.0,4.25222222,52.11428333,4.25222222,52.11428333,0.03858024690972222
1ad9cb7a-4570-11e9-9c61-b469212bff5b,6dbbbdf6-4589-11e9-95a2-b469212bff5b,de01d0ec-45a2-11e9-a9ca-b469212bff5b,2019-03-19 13:42:13.467974,2019-03-19 14:13:39.117157,0.0,4.25222222,52.11428333,4.18055556,52.18664444,0.02182464332175926
1ad9cb7a-4570-11e9-9c61-b469212bff5b,6dbbbdf6-4589-11e9-95a2-b469212bff5b,de0132fe-45a2-11e9-9f7b-b469212bff5b,2019-03-19 14:13:39.117157,2019-03-19 15:09:12.450490,5000.0,4.18055556,52.18664444,4.18055556,52.18664444,0.03858024690972222
1ad9cb7a-4570-11e9-9c61-b469212bff5b,6dbbbdf6-4589-11e9-95a2-b469212bff5b,de018122-45a2-11e9-b2cc-b469212bff5b,2019-03-19 15:09:12.450490,2019-03-19 15:44:07.616249,5000.0,4.18055556,52.18664444,4.25222222,52.11428333,0.02424960369212963
1ad9cb7a-4570-11e9-9c61-b469212bff5b,6dbbbdf6-4589-11e9-95a2-b469212bff5b,de01aa06-45a2-11e9-85ab-b469212bff5b,2019-03-19 15:44:07.616249,2019-03-19 16:39:40.949582,0.0,4.25222222,52.11428333,4.25222222,52.11428333,0.03858024690972222
1ad9cb7a-4570-11e9-9c61-b469212bff5b,6dbbbdf6-4589-11e9-95a2-b469212bff5b,de01d0ec-45a2-11e9-a9ca-b469212bff5b,2019-03-19 16:39:40.949582,2019-03-19 17:11:06.598764,0.0,4.25222222,52.11428333,4.18055556,52.18664444,0.021824643310185188
1ad9cb7a-4570-11e9-9c61-b469212bff5b,6dbbbdf6-4589-11e9-95a2-b469212bff5b,de0132fe-45a2-11e9-9f7b-b469212bff5b,2019-03-19 17:11:06.598764,2019-03-19 18:06:39.932098,5000.0,4.18055556,52.18664444,4.18055556,52.18664444,0.038580246921296295
1ad9cb7a-4570-11e9-9c61-b469212bff5b,6dbbbdf6-4589-11e9-95a2-b469212bff5b,de018122-45a2-11e9-b2cc-b469212bff5b,2019-03-19 18:06:39.932098,2019-03-19 18:41:35.097856,5000.0,4.18055556,52.18664444,4.25222222,52.11428333,0.024249603680555554
1ad9cb7a-4570-11e9-9c61-b469212bff5b,6dbbbdf6-4589-11e9-95a2-b469212bff5b,de01aa06-45a2-11e9-85ab-b469212bff5b,2019-03-19 18:41:35.097856,2019-03-19 19:37:08.431189,0.0,4.25222222,52.11428333,4.25222222,52.11428333,0.03858024690972222
1ad9cb7a-4570-11e9-9c61-b469212bff5b,6dbbbdf6-4589-11e9-95a2-b469212bff5b,de01d0ec-45a2-11e9-a9ca-b469212bff5b,2019-03-19 19:37:08.431189,2019-03-19 20:08:34.080372,0.0,4.25222222,52.11428333,4.18055556,52.18664444,0.02182464332175926
1ad9cb7a-4570-11e9-9c61-b469212bff5b,6dbbbdf6-4589-11e9-95a2-b469212bff5b,de0132fe-45a2-11e9-9f7b-b469212bff5b,2019-03-19 20:08:34.080372,2019-03-19 21:04:07.413705,5000.0,4.18055556,52.18664444,4.18055556,52.18664444,0.03858024690972222
1ad9cb7a-4570-11e9-9c61-b469212bff5b,6dbbbdf6-4589-11e9-95a2-b469212bff5b,de018122-45a2-11e9-b2cc-b469212bff5b,2019-03-19 21:04:07.413705,2019-03-19 21:39:02.579463,5000.0,4.18055556,52.18664444,4.25222222,52.11428333,0.024249603680555554
1ad9cb7a-4570-11e9-9c61-b469212bff5b,6dbbbdf6-4589-11e9-95a2-b469212bff5b,de01aa06-45a2-11e9-85ab-b469212bff5b,2019-03-19 21:39:02.579463,2019-03-19 22:34:35.912797,0.0,4.25222222,52.11428333,4.25222222,52.11428333,0.038580246921296295
1ad9cb7a-4570-11e9-9c61-b469212bff5b,6dbbbdf6-4589-11e9-95a2-b469212bff5b,de01d0ec-45a2-11e9-a9ca-b469212bff5b,2019-03-19 22:34:35.912797,2019-03-19 23:06:01.561979,0.0,4.25222222,52.11428333,4.18055556,52.18664444,0.021824643310185188
1ad9cb7a-4570-11e9-9c61-b469212bff5b,6dbbbdf6-4589-11e9-95a2-b469212bff5b,de0132fe-45a2-11e9-9f7b-b469212bff5b,2019-03-19 23:06:01.561979,2019-03-20 00:01:34.895313,5000.0,4.18055556,52.18664444,4.18055556,52.18664444,0.038580246921296295
1ad9cb7a-4570-11e9-9c61-b469212bff5b,6dbbbdf6-4589-11e9-95a2-b469212bff5b,de018122-45a2-11e9-b2cc-b469212bff5b,2019-03-20 00:01:34.895313,2019-03-20 00:36:30.061071,5000.0,4.18055556,52.18664444,4.25222222,52.11428333,0.024249603680555554
1ad9cb7a-4570-11e9-9c61-b469212bff5b,6dbbbdf6-4589-11e9-95a2-b469212bff5b,de01aa06-45a2-11e9-85ab-b469212bff5b,2019-03-20 00:36:30.061071,2019-03-20 01:32:03.394404,0.0,4.25222222,52.11428333,4.25222222,52.11428333,0.03858024690972222
1ad9cb7a-4570-11e9-9c61-b469212bff5b,6dbbbdf6-4589-11e9-95a2-b469212bff5b,de01d0ec-45a2-11e9-a9ca-b469212bff5b,2019-03-20 01:32:03.394404,2019-03-20 02:03:29.043587,0.0,4.25222222,52.11428333,4.18055556,52.18664444,0.02182464332175926
1ad9cb7a-4570-11e9-9c61-b469212bff5b,6dbbbdf6-4589-11e9-95a2-b469212bff5b,de0132fe-45a2-11e9-9f7b-b469212bff5b,2019-03-20 02:03:29.043587,2019-03-20 02:59:02.376920,5000.0,4.18055556,52.18664444,4.18055556,52.18664444,0.03858024690972222
1ad9cb7a-4570-11e9-9c61-b469212bff5b,6dbbbdf6-4589-11e9-95a2-b469212bff5b,de018122-45a2-11e9-b2cc-b469212bff5b,2019-03-20 02:59:02.376920,2019-03-20 03:33:57.542678,5000.0,4.18055556,52.18664444,4.25222222,52.11428333,0.024249603680555554
1ad9cb7a-4570-11e9-9c61-b469212bff5b,6dbbbdf6-4589-11e9-95a2-b469212bff5b,de01aa06-45a2-11e9-85ab-b469212bff5b,2019-03-20 03:33:57.542678,2019-03-20 04:29:30.876012,0.0,4.25222222,52.11428333,4.25222222,52.11428333,0.038580246921296295
1ad9cb7a-4570-11e9-9c61-b469212bff5b,6dbbbdf6-4589-11e9-95a2-b469212bff5b,de01d0ec-45a2-11e9-a9ca-b469212bff5b,2019-03-20 04:29:30.876012,2019-03-20 05:00:56.525194,0.0,4.25222222,52.11428333,4.18055556,52.18664444,0.021824643310185188
1ad9cb7a-4570-11e9-9c61-b469212bff5b,6dbbbdf6-4589-11e9-95a2-b469212bff5b,de0132fe-45a2-11e9-9f7b-b469212bff5b,2019-03-20 05:00:56.525194,2019-03-20 05:56:29.858527,5000.0,4.18055556,52.18664444,4.18055556,52.18664444,0.03858024690972222
1ad9cb7a-4570-11e9-9c61-b469212bff5b,6dbbbdf6-4589-11e9-95a2-b469212bff5b,de018122-45a2-11e9-b2cc-b469212bff5b,2019-03-20 05:56:29.858527,2019-03-20 06:31:25.024286,5000.0,4.18055556,52.18664444,4.25222222,52.11428333,0.02424960369212963
1ad9cb7a-4570-11e9-9c61-b469212bff5b,6dbbbdf6-4589-11e9-95a2-b469212bff5b,de01aa06-45a2-11e9-85ab-b469212bff5b,2019-03-20 06:31:25.024286,2019-03-20 07:26:58.357619,0.0,4.25222222,52.11428333,4.25222222,52.11428333,0.03858024690972222
1ad9cb7a-4570-11e9-9c61-b469212bff5b,6dbbbdf6-4589-11e9-95a2-b469212bff5b,de01d0ec-45a2-11e9-a9ca-b469212bff5b,2019-03-20 07:26:58.357619,2019-03-20 07:58:24.006802,0.0,4.25222222,52.11428333,4.18055556,52.18664444,0.02182464332175926
1ad9cb7a-4570-11e9-9c61-b469212bff5b,6dbbbdf6-4589-11e9-95a2-b469212bff5b,de0132fe-45a2-11e9-9f7b-b469212bff5b,2019-03-20 07:58:24.006802,2019-03-20 08:53:57.340135,5000.0,4.18055556,52.18664444,4.18055556,52.18664444,0.03858024690972222
1ad9cb7a-4570-11e9-9c61-b469212bff5b,6dbbbdf6-4589-11e9-95a2-b469212bff5b,de018122-45a2-11e9-b2cc-b469212bff5b,2019-03-20 08:53:57.340135,2019-03-20 09:28:52.505893,5000.0,4.18055556,52.18664444,4.25222222,52.11428333,0.024249603680555554
1ad9cb7a-4570-11e9-9c61-b469212bff5b,6dbbbdf6-4589-11e9-95a2-b469212bff5b,de01aa06-45a2-11e9-85ab-b469212bff5b,2019-03-20 09:28:52.505893,2019-03-20 10:24:25.839226,0.0,4.25222222,52.11428333,4.25222222,52.11428333,0.03858024690972222
1ad9cb7a-4570-11e9-9c61-b469212bff5b,6dbbbdf6-4589-11e9-95a2-b469212bff5b,de01d0ec-45a2-11e9-a9ca-b469212bff5b,2019-03-20 10:24:25.839226,2019-03-20 10:55:51.488409,0.0,4.25222222,52.11428333,4.18055556,52.18664444,0.02182464332175926
1ad9cb7a-4570-11e9-9c61-b469212bff5b,6dbbbdf6-4589-11e9-95a2-b469212bff5b,de0132fe-45a2-11e9-9f7b-b469212bff5b,2019-03-20 10:55:51.488409,2019-03-20 11:51:24.821742,5000.0,4.18055556,52.18664444,4.18055556,52.18664444,0.03858024690972222
1ad9cb7a-4570-11e9-9c61-b469212bff5b,6dbbbdf6-4589-11e9-95a2-b469212bff5b,de018122-45a2-11e9-b2cc-b469212bff5b,2019-03-20 11:51:24.821742,2019-03-20 12:26:19.987501,5000.0,4.18055556,52.18664444,4.25222222,52.11428333,0.02424960369212963
1ad9cb7a-4570-11e9-9c61-b469212bff5b,6dbbbdf6-4589-11e9-95a2-b469212bff5b,de01aa06-45a2-11e9-85ab-b469212bff5b,2019-03-20 12:26:19.987501,2019-03-20 13:21:53.320834,0.0,4.25222222,52.11428333,4.25222222,52.11428333,0.03858024690972222
1ad9cb7a-4570-11e9-9c61-b469212bff5b,6dbbbdf6-4589-11e9-95a2-b469212bff5b,de01d0ec-45a2-11e9-a9ca-b469212bff5b,2019-03-20 13:21:53.320834,2019-03-20 13:53:18.970016,0.0,4.25222222,52.11428333,4.18055556,52.18664444,0.021824643310185188
1ad9cb7a-4570-11e9-9c61-b469212bff5b,6dbbbdf6-4589-11e9-95a2-b469212bff5b,de0132fe-45a2-11e9-9f7b-b469212bff5b,2019-03-20 13:53:18.970016,2019-03-20 14:48:52.303350,5000.0,4.18055556,52.18664444,4.18055556,52.18664444,0.038580246921296295
1ad9cb7a-4570-11e9-9c61-b469212bff5b,6dbbbdf6-4589-11e9-95a2-b469212bff5b,de018122-45a2-11e9-b2cc-b469212bff5b,2019-03-20 14:48:52.303350,2019-03-20 15:23:47.469108,5000.0,4.18055556,52.18664444,4.25222222,52.11428333,0.024249603680555554
1ad9cb7a-4570-11e9-9c61-b469212bff5b,6dbbbdf6-4589-11e9-95a2-b469212bff5b,de01aa06-45a2-11e9-85ab-b469212bff5b,2019-03-20 15:23:47.469108,2019-03-20 16:19:20.802441,0.0,4.25222222,52.11428333,4.25222222,52.11428333,0.03858024690972222
1ad9cb7a-4570-11e9-9c61-b469212bff5b,6dbbbdf6-4589-11e9-95a2-b469212bff5b,de01d0ec-45a2-11e9-a9ca-b469212bff5b,2019-03-20 16:19:20.802441,2019-03-20 16:50:46.451624,0.0,4.25222222,52.11428333,4.18055556,52.18664444,0.02182464332175926
1ad9cb7a-4570-11e9-9c61-b469212bff5b,6dbbbdf6-4589-11e9-95a2-b469212bff5b,de0132fe-45a2-11e9-9f7b-b469212bff5b,2019-03-20 16:50:46.451624,2019-03-20 17:46:19.784957,5000.0,4.18055556,52.18664444,4.18055556,52.18664444,0.03858024690972222
1ad9cb7a-4570-11e9-9c61-b469212bff5b,6dbbbdf6-4589-11e9-95a2-b469212bff5b,de018122-45a2-11e9-b2cc-b469212bff5b,2019-03-20 17:46:19.784957,2019-03-20 18:21:14.950716,5000.0,4.18055556,52.18664444,4.25222222,52.11428333,0.02424960369212963
1ad9cb7a-4570-11e9-9c61-b469212bff5b,6dbbbdf6-4589-11e9-95a2-b469212bff5b,de01aa06-45a2-11e9-85ab-b469212bff5b,2019-03-20 18:21:14.950716,2019-03-20 19:16:48.284049,0.0,4.25222222,52.11428333,4.25222222,52.11428333,0.03858024690972222
1ad9cb7a-4570-11e9-9c61-b469212bff5b,6dbbbdf6-4589-11e9-95a2-b469212bff5b,de01d0ec-45a2-11e9-a9ca-b469212bff5b,2019-03-20 19:16:48.284049,2019-03-20 19:48:13.933231,0.0,4.25222222,52.11428333,4.18055556,52.18664444,0.021824643310185188
1ad9cb7a-4570-11e9-9c61-b469212bff5b,6dbbbdf6-4589-11e9-95a2-b469212bff5b,de0132fe-45a2-11e9-9f7b-b469212bff5b,2019-03-20 19:48:13.933231,2019-03-20 20:43:47.266565,5000.0,4.18055556,52.18664444,4.18055556,52.18664444,0.038580246921296295
1ad9cb7a-4570-11e9-9c61-b469212bff5b,6dbbbdf6-4589-11e9-95a2-b469212bff5b,de018122-45a2-11e9-b2cc-b469212bff5b,2019-03-20 20:43:47.266565,2019-03-20 21:18:42.432323,5000.0,4.18055556,52.18664444,4.25222222,52.11428333,0.024249603680555554
1ad9cb7a-4570-11e9-9c61-b469212bff5b,6dbbbdf6-4589-11e9-95a2-b469212bff5b,de01aa06-45a2-11e9-85ab-b469212bff5b,2019-03-20 21:18:42.432323,2019-03-20 22:14:15.765656,0.0,4.25222222,52.11428333,4.25222222,52.11428333,0.03858024690972222
1ad9cb7a-4570-11e9-9c61-b469212bff5b,6dbbbdf6-4589-11e9-95a2-b469212bff5b,de01d0ec-45a2-11e9-a9ca-b469212bff5b,2019-03-20 22:14:15.765656,2019-03-20 22:45:41.414839,0.0,4.25222222,52.11428333,4.18055556,52.18664444,0.02182464332175926
1ad9cb7a-4570-11e9-9c61-b469212bff5b,6dbbbdf6-4589-11e9-95a2-b469212bff5b,de0132fe-45a2-11e9-9f7b-b469212bff5b,2019-03-20 22:45:41.414839,2019-03-20 23:41:14.748172,5000.0,4.18055556,52.18664444,4.18055556,52.18664444,0.03858024690972222
1ad9cb7a-4570-11e9-9c61-b469212bff5b,6dbbbdf6-4589-11e9-95a2-b469212bff5b,de018122-45a2-11e9-b2cc-b469212bff5b,2019-03-20 23:41:14.748172,2019-03-21 00:16:09.913930,5000.0,4.18055556,52.18664444,4.25222222,52.11428333,0.024249603680555554
1ad9cb7a-4570-11e9-9c61-b469212bff5b,6dbbbdf6-4589-11e9-95a2-b469212bff5b,de01aa06-45a2-11e9-85ab-b469212bff5b,2019-03-21 00:16:09.913930,2019-03-21 01:11:43.247264,0.0,4.25222222,52.11428333,4.25222222,52.11428333,0.038580246921296295
1ad9cb7a-4570-11e9-9c61-b469212bff5b,6dbbbdf6-4589-11e9-95a2-b469212bff5b,de01d0ec-45a2-11e9-a9ca-b469212bff5b,2019-03-21 01:11:43.247264,2019-03-21 01:43:08.896446,0.0,4.25222222,52.11428333,4.18055556,52.18664444,0.021824643310185188
1ad9cb7a-4570-11e9-9c61-b469212bff5b,6dbbbdf6-4589-11e9-95a2-b469212bff5b,de0132fe-45a2-11e9-9f7b-b469212bff5b,2019-03-21 01:43:08.896446,2019-03-21 02:38:42.229779,5000.0,4.18055556,52.18664444,4.18055556,52.18664444,0.03858024690972222
1ad9cb7a-4570-11e9-9c61-b469212bff5b,6dbbbdf6-4589-11e9-95a2-b469212bff5b,de018122-45a2-11e9-b2cc-b469212bff5b,2019-03-21 02:38:42.229779,2019-03-21 03:13:37.395538,5000.0,4.18055556,52.18664444,4.25222222,52.11428333,0.02424960369212963
1ad9cb7a-4570-11e9-9c61-b469212bff5b,6dbbbdf6-4589-11e9-95a2-b469212bff5b,de01aa06-45a2-11e9-85ab-b469212bff5b,2019-03-21 03:13:37.395538,2019-03-21 04:09:10.728871,0.0,4.25222222,52.11428333,4.25222222,52.11428333,0.03858024690972222
1ad9cb7a-4570-11e9-9c61-b469212bff5b,6dbbbdf6-4589-11e9-95a2-b469212bff5b,de01d0ec-45a2-11e9-a9ca-b469212bff5b,2019-03-21 04:09:10.728871,2019-03-21 04:40:36.378054,0.0,4.25222222,52.11428333,4.18055556,52.18664444,0.02182464332175926
1ad9cb7a-4570-11e9-9c61-b469212bff5b,6dbbbdf6-4589-11e9-95a2-b469212bff5b,de0132fe-45a2-11e9-9f7b-b469212bff5b,2019-03-21 04:40:36.378054,2019-03-21 05:36:09.711387,5000.0,4.18055556,52.18664444,4.18055556,52.18664444,0.03858024690972222
1ad9cb7a-4570-11e9-9c61-b469212bff5b,6dbbbdf6-4589-11e9-95a2-b469212bff5b,de018122-45a2-11e9-b2cc-b469212bff5b,2019-03-21 05:36:09.711387,2019-03-21 06:11:04.877145,5000.0,4.18055556,52.18664444,4.25222222,52.11428333,0.024249603680555554
1ad9cb7a-4570-11e9-9c61-b469212bff5b,6dbbbdf6-4589-11e9-95a2-b469212bff5b,de01aa06-45a2-11e9-85ab-b469212bff5b,2019-03-21 06:11:04.877145,2019-03-21 07:06:38.210479,0.0,4.25222222,52.11428333,4.25222222,52.11428333,0.038580246921296295
1ad9cb7a-4570-11e9-9c61-b469212bff5b,6dbbbdf6-4589-11e9-95a2-b469212bff5b,de01d0ec-45a2-11e9-a9ca-b469212bff5b,2019-03-21 07:06:38.210479,2019-03-21 07:38:03.859661,0.0,4.25222222,52.11428333,4.18055556,52.18664444,0.021824643310185188
1ad9cb7a-4570-11e9-9c61-b469212bff5b,6dbbbdf6-4589-11e9-95a2-b469212bff5b,de0132fe-45a2-11e9-9f7b-b469212bff5b,2019-03-21 07:38:03.859661,2019-03-21 08:33:37.192994,5000.0,4.18055556,52.18664444,4.18055556,52.18664444,0.03858024690972222
1ad9cb7a-4570-11e9-9c61-b469212bff5b,6dbbbdf6-4589-11e9-95a2-b469212bff5b,de018122-45a2-11e9-b2cc-b469212bff5b,2019-03-21 08:33:37.192994,2019-03-21 09:08:32.358753,5000.0,4.18055556,52.18664444,4.25222222,52.11428333,0.02424960369212963
1ad9cb7a-4570-11e9-9c61-b469212bff5b,6dbbbdf6-4589-11e9-95a2-b469212bff5b,de01aa06-45a2-11e9-85ab-b469212bff5b,2019-03-21 09:08:32.358753,2019-03-21 10:04:05.692086,0.0,4.25222222,52.11428333,4.25222222,52.11428333,0.03858024690972222
1ad9cb7a-4570-11e9-9c61-b469212bff5b,6dbbbdf6-4589-11e9-95a2-b469212bff5b,de01d0ec-45a2-11e9-a9ca-b469212bff5b,2019-03-21 10:04:05.692086,2019-03-21 10:35:31.341269,0.0,4.25222222,52.11428333,4.18055556,52.18664444,0.02182464332175926
1ad9cb7a-4570-11e9-9c61-b469212bff5b,6dbbbdf6-4589-11e9-95a2-b469212bff5b,de0132fe-45a2-11e9-9f7b-b469212bff5b,2019-03-21 10:35:31.341269,2019-03-21 11:31:04.674602,5000.0,4.18055556,52.18664444,4.18055556,52.18664444,0.03858024690972222
1ad9cb7a-4570-11e9-9c61-b469212bff5b,6dbbbdf6-4589-11e9-95a2-b469212bff5b,de018122-45a2-11e9-b2cc-b469212bff5b,2019-03-21 11:31:04.674602,2019-03-21 12:05:59.840360,5000.0,4.18055556,52.18664444,4.25222222,52.11428333,0.024249603680555554
1ad9cb7a-4570-11e9-9c61-b469212bff5b,6dbbbdf6-4589-11e9-95a2-b469212bff5b,de01aa06-45a2-11e9-85ab-b469212bff5b,2019-03-21 12:05:59.840360,2019-03-21 13:01:33.173693,0.0,4.25222222,52.11428333,4.25222222,52.11428333,0.03858024690972222
1ad9cb7a-4570-11e9-9c61-b469212bff5b,6dbbbdf6-4589-11e9-95a2-b469212bff5b,de01d0ec-45a2-11e9-a9ca-b469212bff5b,2019-03-21 13:01:33.173693,2019-03-21 13:32:58.822876,0.0,4.25222222,52.11428333,4.18055556,52.18664444,0.02182464332175926
1ad9cb7a-4570-11e9-9c61-b469212bff5b,6dbbbdf6-4589-11e9-95a2-b469212bff5b,de0132fe-45a2-11e9-9f7b-b469212bff5b,2019-03-21 13:32:58.822876,2019-03-21 14:28:32.156209,5000.0,4.18055556,52.18664444,4.18055556,52.18664444,0.03858024690972222
1ad9cb7a-4570-11e9-9c61-b469212bff5b,6dbbbdf6-4589-11e9-95a2-b469212bff5b,de018122-45a2-11e9-b2cc-b469212bff5b,2019-03-21 14:28:32.156209,2019-03-21 15:03:27.321968,5000.0,4.18055556,52.18664444,4.25222222,52.11428333,0.02424960369212963
1ad9cb7a-4570-11e9-9c61-b469212bff5b,6dbbbdf6-4589-11e9-95a2-b469212bff5b,de01aa06-45a2-11e9-85ab-b469212bff5b,2019-03-21 15:03:27.321968,2019-03-21 15:59:00.655301,0.0,4.25222222,52.11428333,4.25222222,52.11428333,0.03858024690972222
1ad9cb7a-4570-11e9-9c61-b469212bff5b,6dbbbdf6-4589-11e9-95a2-b469212bff5b,de01d0ec-45a2-11e9-a9ca-b469212bff5b,2019-03-21 15:59:00.655301,2019-03-21 16:30:26.304483,0.0,4.25222222,52.11428333,4.18055556,52.18664444,0.021824643310185188
1ad9cb7a-4570-11e9-9c61-b469212bff5b,6dbbbdf6-4589-11e9-95a2-b469212bff5b,de0132fe-45a2-11e9-9f7b-b469212bff5b,2019-03-21 16:30:26.304483,2019-03-21 17:25:59.637817,5000.0,4.18055556,52.18664444,4.18055556,52.18664444,0.038580246921296295
1ad9cb7a-4570-11e9-9c61-b469212bff5b,6dbbbdf6-4589-11e9-95a2-b469212bff5b,de018122-45a2-11e9-b2cc-b469212bff5b,2019-03-21 17:25:59.637817,2019-03-21 18:00:54.803575,5000.0,4.18055556,52.18664444,4.25222222,52.11428333,0.024249603680555554
1ad9cb7a-4570-11e9-9c61-b469212bff5b,6dbbbdf6-4589-11e9-95a2-b469212bff5b,de01aa06-45a2-11e9-85ab-b469212bff5b,2019-03-21 18:00:54.803575,2019-03-21 18:56:28.136908,0.0,4.25222222,52.11428333,4.25222222,52.11428333,0.03858024690972222
1ad9cb7a-4570-11e9-9c61-b469212bff5b,6dbbbdf6-4589-11e9-95a2-b469212bff5b,de01d0ec-45a2-11e9-a9ca-b469212bff5b,2019-03-21 18:56:28.136908,2019-03-21 19:27:53.786091,0.0,4.25222222,52.11428333,4.18055556,52.18664444,0.02182464332175926
1ad9cb7a-4570-11e9-9c61-b469212bff5b,6dbbbdf6-4589-11e9-95a2-b469212bff5b,de0132fe-45a2-11e9-9f7b-b469212bff5b,2019-03-21 19:27:53.786091,2019-03-21 20:23:27.119424,5000.0,4.18055556,52.18664444,4.18055556,52.18664444,0.03858024690972222
1ad9cb7a-4570-11e9-9c61-b469212bff5b,6dbbbdf6-4589-11e9-95a2-b469212bff5b,de018122-45a2-11e9-b2cc-b469212bff5b,2019-03-21 20:23:27.119424,2019-03-21 20:58:22.285182,5000.0,4.18055556,52.18664444,4.25222222,52.11428333,0.024249603680555554
1ad9cb7a-4570-11e9-9c61-b469212bff5b,6dbbbdf6-4589-11e9-95a2-b469212bff5b,de01aa06-45a2-11e9-85ab-b469212bff5b,2019-03-21 20:58:22.285182,2019-03-21 21:53:55.618516,0.0,4.25222222,52.11428333,4.25222222,52.11428333,0.038580246921296295
1ad9cb7a-4570-11e9-9c61-b469212bff5b,6dbbbdf6-4589-11e9-95a2-b469212bff5b,de01d0ec-45a2-11e9-a9ca-b469212bff5b,2019-03-21 21:53:55.618516,2019-03-21 22:25:21.267698,0.0,4.25222222,52.11428333,4.18055556,52.18664444,0.021824643310185188
1ad9cb7a-4570-11e9-9c61-b469212bff5b,6dbbbdf6-4589-11e9-95a2-b469212bff5b,de0132fe-45a2-11e9-9f7b-b469212bff5b,2019-03-21 22:25:21.267698,2019-03-21 23:20:54.601032,5000.0,4.18055556,52.18664444,4.18055556,52.18664444,0.038580246921296295
1ad9cb7a-4570-11e9-9c61-b469212bff5b,6dbbbdf6-4589-11e9-95a2-b469212bff5b,de018122-45a2-11e9-b2cc-b469212bff5b,2019-03-21 23:20:54.601032,2019-03-21 23:55:49.766790,5000.0,4.18055556,52.18664444,4.25222222,52.11428333,0.024249603680555554
1ad9cb7a-4570-11e9-9c61-b469212bff5b,6dbbbdf6-4589-11e9-95a2-b469212bff5b,de01aa06-45a2-11e9-85ab-b469212bff5b,2019-03-21 23:55:49.766790,2019-03-22 00:51:23.100123,0.0,4.25222222,52.11428333,4.25222222,52.11428333,0.03858024690972222
1ad9cb7a-4570-11e9-9c61-b469212bff5b,6dbbbdf6-4589-11e9-95a2-b469212bff5b,de01d0ec-45a2-11e9-a9ca-b469212bff5b,2019-03-22 00:51:23.100123,2019-03-22 01:22:48.749306,0.0,4.25222222,52.11428333,4.18055556,52.18664444,0.02182464332175926
1ad9cb7a-4570-11e9-9c61-b469212bff5b,6dbbbdf6-4589-11e9-95a2-b469212bff5b,de0132fe-45a2-11e9-9f7b-b469212bff5b,2019-03-22 01:22:48.749306,2019-03-22 02:18:22.082639,5000.0,4.18055556,52.18664444,4.18055556,52.18664444,0.03858024690972222
1ad9cb7a-4570-11e9-9c61-b469212bff5b,6dbbbdf6-4589-11e9-95a2-b469212bff5b,de018122-45a2-11e9-b2cc-b469212bff5b,2019-03-22 02:18:22.082639,2019-03-22 02:53:17.248397,5000.0,4.18055556,52.18664444,4.25222222,52.11428333,0.024249603680555554
1ad9cb7a-4570-11e9-9c61-b469212bff5b,6dbbbdf6-4589-11e9-95a2-b469212bff5b,de01aa06-45a2-11e9-85ab-b469212bff5b,2019-03-22 02:53:17.248397,2019-03-22 03:48:50.581731,0.0,4.25222222,52.11428333,4.25222222,52.11428333,0.038580246921296295
1ad9cb7a-4570-11e9-9c61-b469212bff5b,6dbbbdf6-4589-11e9-95a2-b469212bff5b,de01d0ec-45a2-11e9-a9ca-b469212bff5b,2019-03-22 03:48:50.581731,2019-03-22 04:20:16.230913,0.0,4.25222222,52.11428333,4.18055556,52.18664444,0.021824643310185188
1ad9cb7a-4570-11e9-9c61-b469212bff5b,6dbbbdf6-4589-11e9-95a2-b469212bff5b,de0132fe-45a2-11e9-9f7b-b469212bff5b,2019-03-22 04:20:16.230913,2019-03-22 05:15:49.564246,5000.0,4.18055556,52.18664444,4.18055556,52.18664444,0.03858024690972222
1ad9cb7a-4570-11e9-9c61-b469212bff5b,6dbbbdf6-4589-11e9-95a2-b469212bff5b,de018122-45a2-11e9-b2cc-b469212bff5b,2019-03-22 05:15:49.564246,2019-03-22 05:50:44.730005,5000.0,4.18055556,52.18664444,4.25222222,52.11428333,0.02424960369212963
1ad9cb7a-4570-11e9-9c61-b469212bff5b,6dbbbdf6-4589-11e9-95a2-b469212bff5b,de01aa06-45a2-11e9-85ab-b469212bff5b,2019-03-22 05:50:44.730005,2019-03-22 06:46:18.063338,0.0,4.25222222,52.11428333,4.25222222,52.11428333,0.03858024690972222
1ad9cb7a-4570-11e9-9c61-b469212bff5b,6dbbbdf6-4589-11e9-95a2-b469212bff5b,de01d0ec-45a2-11e9-a9ca-b469212bff5b,2019-03-22 06:46:18.063338,2019-03-22 07:17:43.712521,0.0,4.25222222,52.11428333,4.18055556,52.18664444,0.02182464332175926
1ad9cb7a-4570-11e9-9c61-b469212bff5b,6dbbbdf6-4589-11e9-95a2-b469212bff5b,de0132fe-45a2-11e9-9f7b-b469212bff5b,2019-03-22 07:17:43.712521,2019-03-22 08:13:17.045854,5000.0,4.18055556,52.18664444,4.18055556,52.18664444,0.03858024690972222
1ad9cb7a-4570-11e9-9c61-b469212bff5b,6dbbbdf6-4589-11e9-95a2-b469212bff5b,de018122-45a2-11e9-b2cc-b469212bff5b,2019-03-22 08:13:17.045854,2019-03-22 08:48:12.211612,5000.0,4.18055556,52.18664444,4.25222222,52.11428333,0.024249603680555554
1ad9cb7a-4570-11e9-9c61-b469212bff5b,6dbbbdf6-4589-11e9-95a2-b469212bff5b,de01aa06-45a2-11e9-85ab-b469212bff5b,2019-03-22 08:48:12.211612,2019-03-22 09:43:45.544945,0.0,4.25222222,52.11428333,4.25222222,52.11428333,0.03858024690972222
1ad9cb7a-4570-11e9-9c61-b469212bff5b,6dbbbdf6-4589-11e9-95a2-b469212bff5b,de01d0ec-45a2-11e9-a9ca-b469212bff5b,2019-03-22 09:43:45.544945,2019-03-22 10:15:11.194128,0.0,4.25222222,52.11428333,4.18055556,52.18664444,0.02182464332175926
1ad9cb7a-4570-11e9-9c61-b469212bff5b,6dbbbdf6-4589-11e9-95a2-b469212bff5b,de0132fe-45a2-11e9-9f7b-b469212bff5b,2019-03-22 10:15:11.194128,2019-03-22 11:10:44.527461,5000.0,4.18055556,52.18664444,4.18055556,52.18664444,0.03858024690972222
1ad9cb7a-4570-11e9-9c61-b469212bff5b,6dbbbdf6-4589-11e9-95a2-b469212bff5b,de018122-45a2-11e9-b2cc-b469212bff5b,2019-03-22 11:10:44.527461,2019-03-22 11:45:39.693220,5000.0,4.18055556,52.18664444,4.25222222,52.11428333,0.02424960369212963
1ad9cb7a-4570-11e9-9c61-b469212bff5b,6dbbbdf6-4589-11e9-95a2-b469212bff5b,de01aa06-45a2-11e9-85ab-b469212bff5b,2019-03-22 11:45:39.693220,2019-03-22 12:41:13.026553,0.0,4.25222222,52.11428333,4.25222222,52.11428333,0.03858024690972222
1ad9cb7a-4570-11e9-9c61-b469212bff5b,6dbbbdf6-4589-11e9-95a2-b469212bff5b,de01d0ec-45a2-11e9-a9ca-b469212bff5b,2019-03-22 12:41:13.026553,2019-03-22 13:12:38.675735,0.0,4.25222222,52.11428333,4.18055556,52.18664444,0.021824643310185188
1ad9cb7a-4570-11e9-9c61-b469212bff5b,6dbbbdf6-4589-11e9-95a2-b469212bff5b,de0132fe-45a2-11e9-9f7b-b469212bff5b,2019-03-22 13:12:38.675735,2019-03-22 14:08:12.009069,5000.0,4.18055556,52.18664444,4.18055556,52.18664444,0.038580246921296295
1ad9cb7a-4570-11e9-9c61-b469212bff5b,6dbbbdf6-4589-11e9-95a2-b469212bff5b,de018122-45a2-11e9-b2cc-b469212bff5b,2019-03-22 14:08:12.009069,2019-03-22 14:43:07.174827,5000.0,4.18055556,52.18664444,4.25222222,52.11428333,0.024249603680555554
1ad9cb7a-4570-11e9-9c61-b469212bff5b,6dbbbdf6-4589-11e9-95a2-b469212bff5b,de01aa06-45a2-11e9-85ab-b469212bff5b,2019-03-22 14:43:07.174827,2019-03-22 15:38:40.508160,0.0,4.25222222,52.11428333,4.25222222,52.11428333,0.03858024690972222
1ad9cb7a-4570-11e9-9c61-b469212bff5b,6dbbbdf6-4589-11e9-95a2-b469212bff5b,de01d0ec-45a2-11e9-a9ca-b469212bff5b,2019-03-22 15:38:40.508160,2019-03-22 16:10:06.157343,0.0,4.25222222,52.11428333,4.18055556,52.18664444,0.02182464332175926
1ad9cb7a-4570-11e9-9c61-b469212bff5b,6dbbbdf6-4589-11e9-95a2-b469212bff5b,de0132fe-45a2-11e9-9f7b-b469212bff5b,2019-03-22 16:10:06.157343,2019-03-22 17:05:39.490676,5000.0,4.18055556,52.18664444,4.18055556,52.18664444,0.03858024690972222
1ad9cb7a-4570-11e9-9c61-b469212bff5b,6dbbbdf6-4589-11e9-95a2-b469212bff5b,de018122-45a2-11e9-b2cc-b469212bff5b,2019-03-22 17:05:39.490676,2019-03-22 17:40:34.656435,5000.0,4.18055556,52.18664444,4.25222222,52.11428333,0.02424960369212963
1ad9cb7a-4570-11e9-9c61-b469212bff5b,6dbbbdf6-4589-11e9-95a2-b469212bff5b,de01aa06-45a2-11e9-85ab-b469212bff5b,2019-03-22 17:40:34.656435,2019-03-22 18:36:07.989768,0.0,4.25222222,52.11428333,4.25222222,52.11428333,0.03858024690972222
1ad9cb7a-4570-11e9-9c61-b469212bff5b,6dbbbdf6-4589-11e9-95a2-b469212bff5b,de01d0ec-45a2-11e9-a9ca-b469212bff5b,2019-03-22 18:36:07.989768,2019-03-22 19:07:33.638950,0.0,4.25222222,52.11428333,4.18055556,52.18664444,0.021824643310185188
1ad9cb7a-4570-11e9-9c61-b469212bff5b,6dbbbdf6-4589-11e9-95a2-b469212bff5b,de0132fe-45a2-11e9-9f7b-b469212bff5b,2019-03-22 19:07:33.638950,2019-03-22 20:03:06.972284,5000.0,4.18055556,52.18664444,4.18055556,52.18664444,0.038580246921296295
1ad9cb7a-4570-11e9-9c61-b469212bff5b,6dbbbdf6-4589-11e9-95a2-b469212bff5b,de018122-45a2-11e9-b2cc-b469212bff5b,2019-03-22 20:03:06.972284,2019-03-22 20:38:02.138042,5000.0,4.18055556,52.18664444,4.25222222,52.11428333,0.024249603680555554
1ad9cb7a-4570-11e9-9c61-b469212bff5b,6dbbbdf6-4589-11e9-95a2-b469212bff5b,de01aa06-45a2-11e9-85ab-b469212bff5b,2019-03-22 20:38:02.138042,2019-03-22 21:33:35.471375,0.0,4.25222222,52.11428333,4.25222222,52.11428333,0.03858024690972222
1ad9cb7a-4570-11e9-9c61-b469212bff5b,6dbbbdf6-4589-11e9-95a2-b469212bff5b,de01d0ec-45a2-11e9-a9ca-b469212bff5b,2019-03-22 21:33:35.471375,2019-03-22 22:05:01.120558,0.0,4.25222222,52.11428333,4.18055556,52.18664444,0.02182464332175926
1ad9cb7a-4570-11e9-9c61-b469212bff5b,6dbbbdf6-4589-11e9-95a2-b469212bff5b,de0132fe-45a2-11e9-9f7b-b469212bff5b,2019-03-22 22:05:01.120558,2019-03-22 23:00:34.453891,5000.0,4.18055556,52.18664444,4.18055556,52.18664444,0.03858024690972222
1ad9cb7a-4570-11e9-9c61-b469212bff5b,6dbbbdf6-4589-11e9-95a2-b469212bff5b,de018122-45a2-11e9-b2cc-b469212bff5b,2019-03-22 23:00:34.453891,2019-03-22 23:35:29.619649,5000.0,4.18055556,52.18664444,4.25222222,52.11428333,0.024249603680555554
1ad9cb7a-4570-11e9-9c61-b469212bff5b,6dbbbdf6-4589-11e9-95a2-b469212bff5b,de01aa06-45a2-11e9-85ab-b469212bff5b,2019-03-22 23:35:29.619649,2019-03-23 00:31:02.952983,0.0,4.25222222,52.11428333,4.25222222,52.11428333,0.038580246921296295
1ad9cb7a-4570-11e9-9c61-b469212bff5b,6dbbbdf6-4589-11e9-95a2-b469212bff5b,de01d0ec-45a2-11e9-a9ca-b469212bff5b,2019-03-23 00:31:02.952983,2019-03-23 01:02:28.602165,0.0,4.25222222,52.11428333,4.18055556,52.18664444,0.021824643310185188
1ad9cb7a-4570-11e9-9c61-b469212bff5b,6dbbbdf6-4589-11e9-95a2-b469212bff5b,de0132fe-45a2-11e9-9f7b-b469212bff5b,2019-03-23 01:02:28.602165,2019-03-23 01:58:01.935498,5000.0,4.18055556,52.18664444,4.18055556,52.18664444,0.03858024690972222
1ad9cb7a-4570-11e9-9c61-b469212bff5b,6dbbbdf6-4589-11e9-95a2-b469212bff5b,de018122-45a2-11e9-b2cc-b469212bff5b,2019-03-23 01:58:01.935498,2019-03-23 02:32:57.101257,5000.0,4.18055556,52.18664444,4.25222222,52.11428333,0.02424960369212963
1ad9cb7a-4570-11e9-9c61-b469212bff5b,6dbbbdf6-4589-11e9-95a2-b469212bff5b,de01aa06-45a2-11e9-85ab-b469212bff5b,2019-03-23 02:32:57.101257,2019-03-23 03:28:30.434590,0.0,4.25222222,52.11428333,4.25222222,52.11428333,0.03858024690972222
1ad9cb7a-4570-11e9-9c61-b469212bff5b,6dbbbdf6-4589-11e9-95a2-b469212bff5b,de01d0ec-45a2-11e9-a9ca-b469212bff5b,2019-03-23 03:28:30.434590,2019-03-23 03:59:56.083773,0.0,4.25222222,52.11428333,4.18055556,52.18664444,0.02182464332175926
1ad9cb7a-4570-11e9-9c61-b469212bff5b,6dbbbdf6-4589-11e9-95a2-b469212bff5b,de0132fe-45a2-11e9-9f7b-b469212bff5b,2019-03-23 03:59:56.083773,2019-03-23 04:55:29.417106,5000.0,4.18055556,52.18664444,4.18055556,52.18664444,0.03858024690972222
1ad9cb7a-4570-11e9-9c61-b469212bff5b,6dbbbdf6-4589-11e9-95a2-b469212bff5b,de018122-45a2-11e9-b2cc-b469212bff5b,2019-03-23 04:55:29.417106,2019-03-23 05:30:24.582864,5000.0,4.18055556,52.18664444,4.25222222,52.11428333,0.024249603680555554
1ad9cb7a-4570-11e9-9c61-b469212bff5b,6dbbbdf6-4589-11e9-95a2-b469212bff5b,de01aa06-45a2-11e9-85ab-b469212bff5b,2019-03-23 05:30:24.582864,2019-03-23 06:25:57.916198,0.0,4.25222222,52.11428333,4.25222222,52.11428333,0.038580246921296295
1ad9cb7a-4570-11e9-9c61-b469212bff5b,6dbbbdf6-4589-11e9-95a2-b469212bff5b,de01d0ec-45a2-11e9-a9ca-b469212bff5b,2019-03-23 06:25:57.916198,2019-03-23 06:57:23.565380,0.0,4.25222222,52.11428333,4.18055556,52.18664444,0.021824643310185188
1ad9cb7a-4570-11e9-9c61-b469212bff5b,6dbbbdf6-4589-11e9-95a2-b469212bff5b,de0132fe-45a2-11e9-9f7b-b469212bff5b,2019-03-23 06:57:23.565380,2019-03-23 07:52:56.898713,5000.0,4.18055556,52.18664444,4.18055556,52.18664444,0.03858024690972222
1ad9cb7a-4570-11e9-9c61-b469212bff5b,6dbbbdf6-4589-11e9-95a2-b469212bff5b,de018122-45a2-11e9-b2cc-b469212bff5b,2019-03-23 07:52:56.898713,2019-03-23 08:27:52.064472,5000.0,4.18055556,52.18664444,4.25222222,52.11428333,0.02424960369212963
1ad9cb7a-4570-11e9-9c61-b469212bff5b,6dbbbdf6-4589-11e9-95a2-b469212bff5b,de01aa06-45a2-11e9-85ab-b469212bff5b,2019-03-23 08:27:52.064472,2019-03-23 09:23:25.397805,0.0,4.25222222,52.11428333,4.25222222,52.11428333,0.03858024690972222
1ad9cb7a-4570-11e9-9c61-b469212bff5b,6dbbbdf6-4589-11e9-95a2-b469212bff5b,de01d0ec-45a2-11e9-a9ca-b469212bff5b,2019-03-23 09:23:25.397805,2019-03-23 09:54:51.046988,0.0,4.25222222,52.11428333,4.18055556,52.18664444,0.02182464332175926
1ad9cb7a-4570-11e9-9c61-b469212bff5b,6dbbbdf6-4589-11e9-95a2-b469212bff5b,de0132fe-45a2-11e9-9f7b-b469212bff5b,2019-03-23 09:54:51.046988,2019-03-23 10:50:24.380321,5000.0,4.18055556,52.18664444,4.18055556,52.18664444,0.03858024690972222
1ad9cb7a-4570-11e9-9c61-b469212bff5b,6dbbbdf6-4589-11e9-95a2-b469212bff5b,de018122-45a2-11e9-b2cc-b469212bff5b,2019-03-23 10:50:24.380321,2019-03-23 11:25:19.546079,5000.0,4.18055556,52.18664444,4.25222222,52.11428333,0.024249603680555554
1ad9cb7a-4570-11e9-9c61-b469212bff5b,6dbbbdf6-4589-11e9-95a2-b469212bff5b,de01aa06-45a2-11e9-85ab-b469212bff5b,2019-03-23 11:25:19.546079,2019-03-23 12:20:52.879412,0.0,4.25222222,52.11428333,4.25222222,52.11428333,0.03858024690972222
1ad9cb7a-4570-11e9-9c61-b469212bff5b,6dbbbdf6-4589-11e9-95a2-b469212bff5b,de01d0ec-45a2-11e9-a9ca-b469212bff5b,2019-03-23 12:20:52.879412,2019-03-23 12:52:18.528595,0.0,4.25222222,52.11428333,4.18055556,52.18664444,0.02182464332175926
1ad9cb7a-4570-11e9-9c61-b469212bff5b,6dbbbdf6-4589-11e9-95a2-b469212bff5b,de0132fe-45a2-11e9-9f7b-b469212bff5b,2019-03-23 12:52:18.528595,2019-03-23 13:47:51.861928,5000.0,4.18055556,52.18664444,4.18055556,52.18664444,0.03858024690972222
1ad9cb7a-4570-11e9-9c61-b469212bff5b,6dbbbdf6-4589-11e9-95a2-b469212bff5b,de018122-45a2-11e9-b2cc-b469212bff5b,2019-03-23 13:47:51.861928,2019-03-23 14:22:47.027687,5000.0,4.18055556,52.18664444,4.25222222,52.11428333,0.02424960369212963
1ad9cb7a-4570-11e9-9c61-b469212bff5b,6dbbbdf6-4589-11e9-95a2-b469212bff5b,de01aa06-45a2-11e9-85ab-b469212bff5b,2019-03-23 14:22:47.027687,2019-03-23 15:18:20.361020,0.0,4.25222222,52.11428333,4.25222222,52.11428333,0.03858024690972222
1ad9cb7a-4570-11e9-9c61-b469212bff5b,6dbbbdf6-4589-11e9-95a2-b469212bff5b,de01d0ec-45a2-11e9-a9ca-b469212bff5b,2019-03-23 15:18:20.361020,2019-03-23 15:49:46.010202,0.0,4.25222222,52.11428333,4.18055556,52.18664444,0.021824643310185188
1ad9cb7a-4570-11e9-9c61-b469212bff5b,6dbbbdf6-4589-11e9-95a2-b469212bff5b,de0132fe-45a2-11e9-9f7b-b469212bff5b,2019-03-23 15:49:46.010202,2019-03-23 16:45:19.343536,5000.0,4.18055556,52.18664444,4.18055556,52.18664444,0.038580246921296295
1ad9cb7a-4570-11e9-9c61-b469212bff5b,6dbbbdf6-4589-11e9-95a2-b469212bff5b,de018122-45a2-11e9-b2cc-b469212bff5b,2019-03-23 16:45:19.343536,2019-03-23 17:20:14.509294,5000.0,4.18055556,52.18664444,4.25222222,52.11428333,0.024249603680555554
1ad9cb7a-4570-11e9-9c61-b469212bff5b,6dbbbdf6-4589-11e9-95a2-b469212bff5b,de01aa06-45a2-11e9-85ab-b469212bff5b,2019-03-23 17:20:14.509294,2019-03-23 18:15:47.842627,0.0,4.25222222,52.11428333,4.25222222,52.11428333,0.03858024690972222
1ad9cb7a-4570-11e9-9c61-b469212bff5b,6dbbbdf6-4589-11e9-95a2-b469212bff5b,de01d0ec-45a2-11e9-a9ca-b469212bff5b,2019-03-23 18:15:47.842627,2019-03-23 18:47:13.491810,0.0,4.25222222,52.11428333,4.18055556,52.18664444,0.02182464332175926
1ad9cb7a-4570-11e9-9c61-b469212bff5b,6dbbbdf6-4589-11e9-95a2-b469212bff5b,de0132fe-45a2-11e9-9f7b-b469212bff5b,2019-03-23 18:47:13.491810,2019-03-23 19:42:46.825143,5000.0,4.18055556,52.18664444,4.18055556,52.18664444,0.03858024690972222
1ad9cb7a-4570-11e9-9c61-b469212bff5b,6dbbbdf6-4589-11e9-95a2-b469212bff5b,de018122-45a2-11e9-b2cc-b469212bff5b,2019-03-23 19:42:46.825143,2019-03-23 20:17:41.990901,5000.0,4.18055556,52.18664444,4.25222222,52.11428333,0.024249603680555554
1ad9cb7a-4570-11e9-9c61-b469212bff5b,6dbbbdf6-4589-11e9-95a2-b469212bff5b,de01aa06-45a2-11e9-85ab-b469212bff5b,2019-03-23 20:17:41.990901,2019-03-23 21:13:15.324235,0.0,4.25222222,52.11428333,4.25222222,52.11428333,0.038580246921296295
1ad9cb7a-4570-11e9-9c61-b469212bff5b,6dbbbdf6-4589-11e9-95a2-b469212bff5b,de01d0ec-45a2-11e9-a9ca-b469212bff5b,2019-03-23 21:13:15.324235,2019-03-23 21:44:40.973417,0.0,4.25222222,52.11428333,4.18055556,52.18664444,0.021824643310185188
1ad9cb7a-4570-11e9-9c61-b469212bff5b,6dbbbdf6-4589-11e9-95a2-b469212bff5b,de0132fe-45a2-11e9-9f7b-b469212bff5b,2019-03-23 21:44:40.973417,2019-03-23 22:40:14.306751,5000.0,4.18055556,52.18664444,4.18055556,52.18664444,0.038580246921296295
1ad9cb7a-4570-11e9-9c61-b469212bff5b,6dbbbdf6-4589-11e9-95a2-b469212bff5b,de018122-45a2-11e9-b2cc-b469212bff5b,2019-03-23 22:40:14.306751,2019-03-23 23:15:09.472509,5000.0,4.18055556,52.18664444,4.25222222,52.11428333,0.024249603680555554
1ad9cb7a-4570-11e9-9c61-b469212bff5b,6dbbbdf6-4589-11e9-95a2-b469212bff5b,de01aa06-45a2-11e9-85ab-b469212bff5b,2019-03-23 23:15:09.472509,2019-03-24 00:10:42.805842,0.0,4.25222222,52.11428333,4.25222222,52.11428333,0.03858024690972222
1ad9cb7a-4570-11e9-9c61-b469212bff5b,6dbbbdf6-4589-11e9-95a2-b469212bff5b,de01d0ec-45a2-11e9-a9ca-b469212bff5b,2019-03-24 00:10:42.805842,2019-03-24 00:42:08.455025,0.0,4.25222222,52.11428333,4.18055556,52.18664444,0.02182464332175926
1ad9cb7a-4570-11e9-9c61-b469212bff5b,6dbbbdf6-4589-11e9-95a2-b469212bff5b,de0132fe-45a2-11e9-9f7b-b469212bff5b,2019-03-24 00:42:08.455025,2019-03-24 01:37:41.788358,5000.0,4.18055556,52.18664444,4.18055556,52.18664444,0.03858024690972222
1ad9cb7a-4570-11e9-9c61-b469212bff5b,6dbbbdf6-4589-11e9-95a2-b469212bff5b,de018122-45a2-11e9-b2cc-b469212bff5b,2019-03-24 01:37:41.788358,2019-03-24 02:12:36.954116,5000.0,4.18055556,52.18664444,4.25222222,52.11428333,0.024249603680555554
1ad9cb7a-4570-11e9-9c61-b469212bff5b,6dbbbdf6-4589-11e9-95a2-b469212bff5b,de01aa06-45a2-11e9-85ab-b469212bff5b,2019-03-24 02:12:36.954116,2019-03-24 03:08:10.287450,0.0,4.25222222,52.11428333,4.25222222,52.11428333,0.038580246921296295
1ad9cb7a-4570-11e9-9c61-b469212bff5b,6dbbbdf6-4589-11e9-95a2-b469212bff5b,de01d0ec-45a2-11e9-a9ca-b469212bff5b,2019-03-24 03:08:10.287450,2019-03-24 03:39:35.936632,0.0,4.25222222,52.11428333,4.18055556,52.18664444,0.021824643310185188
1ad9cb7a-4570-11e9-9c61-b469212bff5b,6dbbbdf6-4589-11e9-95a2-b469212bff5b,de0132fe-45a2-11e9-9f7b-b469212bff5b,2019-03-24 03:39:35.936632,2019-03-24 04:35:09.269965,5000.0,4.18055556,52.18664444,4.18055556,52.18664444,0.03858024690972222
1ad9cb7a-4570-11e9-9c61-b469212bff5b,6dbbbdf6-4589-11e9-95a2-b469212bff5b,de018122-45a2-11e9-b2cc-b469212bff5b,2019-03-24 04:35:09.269965,2019-03-24 05:10:04.435724,5000.0,4.18055556,52.18664444,4.25222222,52.11428333,0.02424960369212963
1ad9cb7a-4570-11e9-9c61-b469212bff5b,6dbbbdf6-4589-11e9-95a2-b469212bff5b,de01aa06-45a2-11e9-85ab-b469212bff5b,2019-03-24 05:10:04.435724,2019-03-24 06:05:37.769057,0.0,4.25222222,52.11428333,4.25222222,52.11428333,0.03858024690972222
1ad9cb7a-4570-11e9-9c61-b469212bff5b,6dbbbdf6-4589-11e9-95a2-b469212bff5b,de01d0ec-45a2-11e9-a9ca-b469212bff5b,2019-03-24 06:05:37.769057,2019-03-24 06:37:03.418240,0.0,4.25222222,52.11428333,4.18055556,52.18664444,0.02182464332175926
1ad9cb7a-4570-11e9-9c61-b469212bff5b,6dbbbdf6-4589-11e9-95a2-b469212bff5b,de0132fe-45a2-11e9-9f7b-b469212bff5b,2019-03-24 06:37:03.418240,2019-03-24 07:32:36.751573,5000.0,4.18055556,52.18664444,4.18055556,52.18664444,0.03858024690972222
1ad9cb7a-4570-11e9-9c61-b469212bff5b,6dbbbdf6-4589-11e9-95a2-b469212bff5b,de018122-45a2-11e9-b2cc-b469212bff5b,2019-03-24 07:32:36.751573,2019-03-24 08:07:31.917331,5000.0,4.18055556,52.18664444,4.25222222,52.11428333,0.024249603680555554
1ad9cb7a-4570-11e9-9c61-b469212bff5b,6dbbbdf6-4589-11e9-95a2-b469212bff5b,de01aa06-45a2-11e9-85ab-b469212bff5b,2019-03-24 08:07:31.917331,2019-03-24 09:03:05.250664,0.0,4.25222222,52.11428333,4.25222222,52.11428333,0.03858024690972222
1ad9cb7a-4570-11e9-9c61-b469212bff5b,6dbbbdf6-4589-11e9-95a2-b469212bff5b,de01d0ec-45a2-11e9-a9ca-b469212bff5b,2019-03-24 09:03:05.250664,2019-03-24 09:34:30.899847,0.0,4.25222222,52.11428333,4.18055556,52.18664444,0.02182464332175926
1ad9cb7a-4570-11e9-9c61-b469212bff5b,6dbbbdf6-4589-11e9-95a2-b469212bff5b,de0132fe-45a2-11e9-9f7b-b469212bff5b,2019-03-24 09:34:30.899847,2019-03-24 10:30:04.233180,5000.0,4.18055556,52.18664444,4.18055556,52.18664444,0.03858024690972222
1ad9cb7a-4570-11e9-9c61-b469212bff5b,6dbbbdf6-4589-11e9-95a2-b469212bff5b,de018122-45a2-11e9-b2cc-b469212bff5b,2019-03-24 10:30:04.233180,2019-03-24 11:04:59.398939,5000.0,4.18055556,52.18664444,4.25222222,52.11428333,0.02424960369212963
1ad9cb7a-4570-11e9-9c61-b469212bff5b,6dbbbdf6-4589-11e9-95a2-b469212bff5b,de01aa06-45a2-11e9-85ab-b469212bff5b,2019-03-24 11:04:59.398939,2019-03-24 12:00:32.732272,0.0,4.25222222,52.11428333,4.25222222,52.11428333,0.03858024690972222
1ad9cb7a-4570-11e9-9c61-b469212bff5b,6dbbbdf6-4589-11e9-95a2-b469212bff5b,de01d0ec-45a2-11e9-a9ca-b469212bff5b,2019-03-24 12:00:32.732272,2019-03-24 12:31:58.381454,0.0,4.25222222,52.11428333,4.18055556,52.18664444,0.021824643310185188
1ad9cb7a-4570-11e9-9c61-b469212bff5b,6dbbbdf6-4589-11e9-95a2-b469212bff5b,de0132fe-45a2-11e9-9f7b-b469212bff5b,2019-03-24 12:31:58.381454,2019-03-24 13:27:31.714788,5000.0,4.18055556,52.18664444,4.18055556,52.18664444,0.038580246921296295
1ad9cb7a-4570-11e9-9c61-b469212bff5b,6dbbbdf6-4589-11e9-95a2-b469212bff5b,de018122-45a2-11e9-b2cc-b469212bff5b,2019-03-24 13:27:31.714788,2019-03-24 14:02:26.880546,5000.0,4.18055556,52.18664444,4.25222222,52.11428333,0.024249603680555554
1ad9cb7a-4570-11e9-9c61-b469212bff5b,6dbbbdf6-4589-11e9-95a2-b469212bff5b,de01aa06-45a2-11e9-85ab-b469212bff5b,2019-03-24 14:02:26.880546,2019-03-24 14:58:00.213879,0.0,4.25222222,52.11428333,4.25222222,52.11428333,0.03858024690972222
1ad9cb7a-4570-11e9-9c61-b469212bff5b,6dbbbdf6-4589-11e9-95a2-b469212bff5b,de01d0ec-45a2-11e9-a9ca-b469212bff5b,2019-03-24 14:58:00.213879,2019-03-24 15:29:25.863062,0.0,4.25222222,52.11428333,4.18055556,52.18664444,0.02182464332175926
1ad9cb7a-4570-11e9-9c61-b469212bff5b,6dbbbdf6-4589-11e9-95a2-b469212bff5b,de0132fe-45a2-11e9-9f7b-b469212bff5b,2019-03-24 15:29:25.863062,2019-03-24 16:24:59.196395,5000.0,4.18055556,52.18664444,4.18055556,52.18664444,0.03858024690972222
1ad9cb7a-4570-11e9-9c61-b469212bff5b,6dbbbdf6-4589-11e9-95a2-b469212bff5b,de018122-45a2-11e9-b2cc-b469212bff5b,2019-03-24 16:24:59.196395,2019-03-24 16:59:54.362154,5000.0,4.18055556,52.18664444,4.25222222,52.11428333,0.02424960369212963
1ad9cb7a-4570-11e9-9c61-b469212bff5b,6dbbbdf6-4589-11e9-95a2-b469212bff5b,de01aa06-45a2-11e9-85ab-b469212bff5b,2019-03-24 16:59:54.362154,2019-03-24 17:55:27.695487,0.0,4.25222222,52.11428333,4.25222222,52.11428333,0.03858024690972222
1ad9cb7a-4570-11e9-9c61-b469212bff5b,6dbbbdf6-4589-11e9-95a2-b469212bff5b,de01d0ec-45a2-11e9-a9ca-b469212bff5b,2019-03-24 17:55:27.695487,2019-03-24 18:26:53.344669,0.0,4.25222222,52.11428333,4.18055556,52.18664444,0.021824643310185188
1ad9cb7a-4570-11e9-9c61-b469212bff5b,6dbbbdf6-4589-11e9-95a2-b469212bff5b,de0132fe-45a2-11e9-9f7b-b469212bff5b,2019-03-24 18:26:53.344669,2019-03-24 19:22:26.678003,5000.0,4.18055556,52.18664444,4.18055556,52.18664444,0.038580246921296295
1ad9cb7a-4570-11e9-9c61-b469212bff5b,6dbbbdf6-4589-11e9-95a2-b469212bff5b,de018122-45a2-11e9-b2cc-b469212bff5b,2019-03-24 19:22:26.678003,2019-03-24 19:57:21.843761,5000.0,4.18055556,52.18664444,4.25222222,52.11428333,0.024249603680555554
1ad9cb7a-4570-11e9-9c61-b469212bff5b,6dbbbdf6-4589-11e9-95a2-b469212bff5b,de01aa06-45a2-11e9-85ab-b469212bff5b,2019-03-24 19:57:21.843761,2019-03-24 20:52:55.177094,0.0,4.25222222,52.11428333,4.25222222,52.11428333,0.03858024690972222
1ad9cb7a-4570-11e9-9c61-b469212bff5b,6dbbbdf6-4589-11e9-95a2-b469212bff5b,de01d0ec-45a2-11e9-a9ca-b469212bff5b,2019-03-24 20:52:55.177094,2019-03-24 21:24:20.826277,0.0,4.25222222,52.11428333,4.18055556,52.18664444,0.02182464332175926
1ad9cb7a-4570-11e9-9c61-b469212bff5b,6dbbbdf6-4589-11e9-95a2-b469212bff5b,de0132fe-45a2-11e9-9f7b-b469212bff5b,2019-03-24 21:24:20.826277,2019-03-24 22:19:54.159610,5000.0,4.18055556,52.18664444,4.18055556,52.18664444,0.03858024690972222
1ad9cb7a-4570-11e9-9c61-b469212bff5b,6dbbbdf6-4589-11e9-95a2-b469212bff5b,de018122-45a2-11e9-b2cc-b469212bff5b,2019-03-24 22:19:54.159610,2019-03-24 22:54:49.325368,5000.0,4.18055556,52.18664444,4.25222222,52.11428333,0.024249603680555554
1ad9cb7a-4570-11e9-9c61-b469212bff5b,6dbbbdf6-4589-11e9-95a2-b469212bff5b,de01aa06-45a2-11e9-85ab-b469212bff5b,2019-03-24 22:54:49.325368,2019-03-24 23:50:22.658702,0.0,4.25222222,52.11428333,4.25222222,52.11428333,0.038580246921296295
1ad9cb7a-4570-11e9-9c61-b469212bff5b,6dbbbdf6-4589-11e9-95a2-b469212bff5b,de01d0ec-45a2-11e9-a9ca-b469212bff5b,2019-03-24 23:50:22.658702,2019-03-25 00:21:48.307884,0.0,4.25222222,52.11428333,4.18055556,52.18664444,0.021824643310185188
1ad9cb7a-4570-11e9-9c61-b469212bff5b,6dbbbdf6-4589-11e9-95a2-b469212bff5b,de0132fe-45a2-11e9-9f7b-b469212bff5b,2019-03-25 00:21:48.307884,2019-03-25 01:17:21.641217,5000.0,4.18055556,52.18664444,4.18055556,52.18664444,0.03858024690972222
1ad9cb7a-4570-11e9-9c61-b469212bff5b,6dbbbdf6-4589-11e9-95a2-b469212bff5b,de018122-45a2-11e9-b2cc-b469212bff5b,2019-03-25 01:17:21.641217,2019-03-25 01:52:16.806976,5000.0,4.18055556,52.18664444,4.25222222,52.11428333,0.02424960369212963
1ad9cb7a-4570-11e9-9c61-b469212bff5b,6dbbbdf6-4589-11e9-95a2-b469212bff5b,de01aa06-45a2-11e9-85ab-b469212bff5b,2019-03-25 01:52:16.806976,2019-03-25 02:47:50.140309,0.0,4.25222222,52.11428333,4.25222222,52.11428333,0.03858024690972222
1ad9cb7a-4570-11e9-9c61-b469212bff5b,6dbbbdf6-4589-11e9-95a2-b469212bff5b,de01d0ec-45a2-11e9-a9ca-b469212bff5b,2019-03-25 02:47:50.140309,2019-03-25 03:19:15.789492,0.0,4.25222222,52.11428333,4.18055556,52.18664444,0.02182464332175926
1ad9cb7a-4570-11e9-9c61-b469212bff5b,6dbbbdf6-4589-11e9-95a2-b469212bff5b,de0132fe-45a2-11e9-9f7b-b469212bff5b,2019-03-25 03:19:15.789492,2019-03-25 04:14:49.122825,5000.0,4.18055556,52.18664444,4.18055556,52.18664444,0.03858024690972222
1ad9cb7a-4570-11e9-9c61-b469212bff5b,6dbbbdf6-4589-11e9-95a2-b469212bff5b,de018122-45a2-11e9-b2cc-b469212bff5b,2019-03-25 04:14:49.122825,2019-03-25 04:49:44.288583,5000.0,4.18055556,52.18664444,4.25222222,52.11428333,0.024249603680555554
1ad9cb7a-4570-11e9-9c61-b469212bff5b,6dbbbdf6-4589-11e9-95a2-b469212bff5b,de01aa06-45a2-11e9-85ab-b469212bff5b,2019-03-25 04:49:44.288583,2019-03-25 05:45:17.621917,0.0,4.25222222,52.11428333,4.25222222,52.11428333,0.038580246921296295
1ad9cb7a-4570-11e9-9c61-b469212bff5b,6dbbbdf6-4589-11e9-95a2-b469212bff5b,de01d0ec-45a2-11e9-a9ca-b469212bff5b,2019-03-25 05:45:17.621917,2019-03-25 06:16:43.271099,0.0,4.25222222,52.11428333,4.18055556,52.18664444,0.021824643310185188
1ad9cb7a-4570-11e9-9c61-b469212bff5b,6dbbbdf6-4589-11e9-95a2-b469212bff5b,de0132fe-45a2-11e9-9f7b-b469212bff5b,2019-03-25 06:16:43.271099,2019-03-25 07:12:16.604432,5000.0,4.18055556,52.18664444,4.18055556,52.18664444,0.03858024690972222
1ad9cb7a-4570-11e9-9c61-b469212bff5b,6dbbbdf6-4589-11e9-95a2-b469212bff5b,de018122-45a2-11e9-b2cc-b469212bff5b,2019-03-25 07:12:16.604432,2019-03-25 07:47:11.770191,5000.0,4.18055556,52.18664444,4.25222222,52.11428333,0.02424960369212963
1ad9cb7a-4570-11e9-9c61-b469212bff5b,6dbbbdf6-4589-11e9-95a2-b469212bff5b,de01aa06-45a2-11e9-85ab-b469212bff5b,2019-03-25 07:47:11.770191,2019-03-25 08:42:45.103524,0.0,4.25222222,52.11428333,4.25222222,52.11428333,0.03858024690972222
1ad9cb7a-4570-11e9-9c61-b469212bff5b,6dbbbdf6-4589-11e9-95a2-b469212bff5b,de01d0ec-45a2-11e9-a9ca-b469212bff5b,2019-03-25 08:42:45.103524,2019-03-25 09:14:10.752707,0.0,4.25222222,52.11428333,4.18055556,52.18664444,0.02182464332175926
1ad9cb7a-4570-11e9-9c61-b469212bff5b,6dbbbdf6-4589-11e9-95a2-b469212bff5b,de0132fe-45a2-11e9-9f7b-b469212bff5b,2019-03-25 09:14:10.752707,2019-03-25 10:09:44.086040,5000.0,4.18055556,52.18664444,4.18055556,52.18664444,0.03858024690972222
1ad9cb7a-4570-11e9-9c61-b469212bff5b,6dbbbdf6-4589-11e9-95a2-b469212bff5b,de018122-45a2-11e9-b2cc-b469212bff5b,2019-03-25 10:09:44.086040,2019-03-25 10:44:39.251798,5000.0,4.18055556,52.18664444,4.25222222,52.11428333,0.024249603680555554
1ad9cb7a-4570-11e9-9c61-b469212bff5b,6dbbbdf6-4589-11e9-95a2-b469212bff5b,de01aa06-45a2-11e9-85ab-b469212bff5b,2019-03-25 10:44:39.251798,2019-03-25 11:40:12.585131,0.0,4.25222222,52.11428333,4.25222222,52.11428333,0.03858024690972222
1ad9cb7a-4570-11e9-9c61-b469212bff5b,6dbbbdf6-4589-11e9-95a2-b469212bff5b,de01d0ec-45a2-11e9-a9ca-b469212bff5b,2019-03-25 11:40:12.585131,2019-03-25 12:11:38.234314,0.0,4.25222222,52.11428333,4.18055556,52.18664444,0.02182464332175926
1ad9cb7a-4570-11e9-9c61-b469212bff5b,6dbbbdf6-4589-11e9-95a2-b469212bff5b,de0132fe-45a2-11e9-9f7b-b469212bff5b,2019-03-25 12:11:38.234314,2019-03-25 13:07:11.567647,5000.0,4.18055556,52.18664444,4.18055556,52.18664444,0.03858024690972222
1ad9cb7a-4570-11e9-9c61-b469212bff5b,6dbbbdf6-4589-11e9-95a2-b469212bff5b,de018122-45a2-11e9-b2cc-b469212bff5b,2019-03-25 13:07:11.567647,2019-03-25 13:42:06.733406,5000.0,4.18055556,52.18664444,4.25222222,52.11428333,0.02424960369212963
1ad9cb7a-4570-11e9-9c61-b469212bff5b,6dbbbdf6-4589-11e9-95a2-b469212bff5b,de01aa06-45a2-11e9-85ab-b469212bff5b,2019-03-25 13:42:06.733406,2019-03-25 14:37:40.066739,0.0,4.25222222,52.11428333,4.25222222,52.11428333,0.03858024690972222
1ad9cb7a-4570-11e9-9c61-b469212bff5b,6dbbbdf6-4589-11e9-95a2-b469212bff5b,de01d0ec-45a2-11e9-a9ca-b469212bff5b,2019-03-25 14:37:40.066739,2019-03-25 15:09:05.715921,0.0,4.25222222,52.11428333,4.18055556,52.18664444,0.021824643310185188
1ad9cb7a-4570-11e9-9c61-b469212bff5b,6dbbbdf6-4589-11e9-95a2-b469212bff5b,de0132fe-45a2-11e9-9f7b-b469212bff5b,2019-03-25 15:09:05.715921,2019-03-25 16:04:39.049255,5000.0,4.18055556,52.18664444,4.18055556,52.18664444,0.038580246921296295
1ad9cb7a-4570-11e9-9c61-b469212bff5b,6dbbbdf6-4589-11e9-95a2-b469212bff5b,de018122-45a2-11e9-b2cc-b469212bff5b,2019-03-25 16:04:39.049255,2019-03-25 16:39:34.215013,5000.0,4.18055556,52.18664444,4.25222222,52.11428333,0.024249603680555554
1ad9cb7a-4570-11e9-9c61-b469212bff5b,6dbbbdf6-4589-11e9-95a2-b469212bff5b,de01aa06-45a2-11e9-85ab-b469212bff5b,2019-03-25 16:39:34.215013,2019-03-25 17:35:07.548346,0.0,4.25222222,52.11428333,4.25222222,52.11428333,0.03858024690972222
1ad9cb7a-4570-11e9-9c61-b469212bff5b,6dbbbdf6-4589-11e9-95a2-b469212bff5b,de01d0ec-45a2-11e9-a9ca-b469212bff5b,2019-03-25 17:35:07.548346,2019-03-25 18:06:33.197529,0.0,4.25222222,52.11428333,4.18055556,52.18664444,0.02182464332175926
1ad9cb7a-4570-11e9-9c61-b469212bff5b,6dbbbdf6-4589-11e9-95a2-b469212bff5b,de0132fe-45a2-11e9-9f7b-b469212bff5b,2019-03-25 18:06:33.197529,2019-03-25 19:02:06.530862,5000.0,4.18055556,52.18664444,4.18055556,52.18664444,0.03858024690972222
1ad9cb7a-4570-11e9-9c61-b469212bff5b,6dbbbdf6-4589-11e9-95a2-b469212bff5b,de018122-45a2-11e9-b2cc-b469212bff5b,2019-03-25 19:02:06.530862,2019-03-25 19:37:01.696620,5000.0,4.18055556,52.18664444,4.25222222,52.11428333,0.024249603680555554
1ad9cb7a-4570-11e9-9c61-b469212bff5b,6dbbbdf6-4589-11e9-95a2-b469212bff5b,de01aa06-45a2-11e9-85ab-b469212bff5b,2019-03-25 19:37:01.696620,2019-03-25 20:32:35.029954,0.0,4.25222222,52.11428333,4.25222222,52.11428333,0.038580246921296295
1ad9cb7a-4570-11e9-9c61-b469212bff5b,6dbbbdf6-4589-11e9-95a2-b469212bff5b,de01d0ec-45a2-11e9-a9ca-b469212bff5b,2019-03-25 20:32:35.029954,2019-03-25 21:04:00.679136,0.0,4.25222222,52.11428333,4.18055556,52.18664444,0.021824643310185188
1ad9cb7a-4570-11e9-9c61-b469212bff5b,6dbbbdf6-4589-11e9-95a2-b469212bff5b,de0132fe-45a2-11e9-9f7b-b469212bff5b,2019-03-25 21:04:00.679136,2019-03-25 21:59:34.012470,5000.0,4.18055556,52.18664444,4.18055556,52.18664444,0.038580246921296295
1ad9cb7a-4570-11e9-9c61-b469212bff5b,6dbbbdf6-4589-11e9-95a2-b469212bff5b,de018122-45a2-11e9-b2cc-b469212bff5b,2019-03-25 21:59:34.012470,2019-03-25 22:34:29.178228,5000.0,4.18055556,52.18664444,4.25222222,52.11428333,0.024249603680555554
1ad9cb7a-4570-11e9-9c61-b469212bff5b,6dbbbdf6-4589-11e9-95a2-b469212bff5b,de01aa06-45a2-11e9-85ab-b469212bff5b,2019-03-25 22:34:29.178228,2019-03-25 23:30:02.511561,0.0,4.25222222,52.11428333,4.25222222,52.11428333,0.03858024690972222
